time,hour,day,weekday,Consumption,Production,Nuclear,Wind,Hydroelectric,Oil and Gas,Coal,Solar,Biomass
0,0,0,#Tuesday,6352,6527,1395,79,1383,1896,1744,0,30
1,1,0,#Tuesday,6116,5701,1393,96,1112,1429,1641,0,30
2,2,0,#Tuesday,5873,5676,1393,142,1030,1465,1616,0,30
3,3,0,#Tuesday,5682,5603,1397,191,972,1455,1558,0,30
4,4,0,#Tuesday,5557,5454,1393,159,960,1454,1458,0,30
5,5,0,#Tuesday,5525,5385,1395,91,958,1455,1456,0,30
6,6,0,#Tuesday,5513,5349,1392,98,938,1451,1440,0,31
7,7,0,#Tuesday,5524,5547,1392,93,1187,1446,1394,0,34
8,8,0,#Tuesday,5510,5471,1391,51,1325,1357,1303,8,34
9,9,0,#Tuesday,5617,5545,1388,15,1398,1328,1319,61,34
10,10,0,#Tuesday,5643,5610,1390,-5,1410,1331,1324,126,34
11,11,0,#Tuesday,5737,5733,1390,-17,1400,1428,1320,182,34
12,12,0,#Tuesday,5776,5816,1390,-10,1416,1423,1357,206,34
13,13,0,#Tuesday,5744,5823,1389,15,1308,1412,1461,202,34
14,14,0,#Tuesday,5710,5721,1390,100,1245,1408,1383,160,33
15,15,0,#Tuesday,5813,5804,1392,193,1348,1423,1327,85,34
16,16,0,#Tuesday,6009,5870,1392,304,1293,1435,1403,9,33
17,17,0,#Tuesday,6613,6242,1391,510,1453,1442,1411,0,35
18,18,0,#Tuesday,6718,6401,1391,754,1485,1448,1288,0,35
19,19,0,#Tuesday,6721,6488,1393,916,1549,1303,1292,0,34
20,20,0,#Tuesday,6632,6652,1394,1003,1588,1313,1320,0,33
21,21,0,#Tuesday,6441,6726,1390,1118,1518,1354,1312,0,34
22,22,0,#Tuesday,6222,6570,1391,1175,1389,1256,1323,0,34
23,23,0,#Tuesday,5936,6472,1390,1175,1196,1320,1359,0,33
24,0,1,#Wednesday,5647,6407,1391,1452,949,1297,1284,0,35
25,1,1,#Wednesday,5500,6036,1391,1668,662,1037,1243,0,35
26,2,1,#Wednesday,5385,6009,1392,1613,676,1036,1257,0,35
27,3,1,#Wednesday,5327,6062,1390,1823,534,1034,1246,0,35
28,4,1,#Wednesday,5362,5867,1390,1739,418,1021,1264,0,35
29,5,1,#Wednesday,5411,5878,1389,1592,499,1098,1265,0,35
30,6,1,#Wednesday,5510,5996,1388,1478,565,1258,1271,0,35
31,7,1,#Wednesday,5784,6300,1391,1357,925,1307,1285,0,36
32,8,1,#Wednesday,5999,6775,1390,1350,1181,1479,1331,7,36
33,9,1,#Wednesday,6322,6999,1389,1396,1339,1565,1205,66,37
34,10,1,#Wednesday,6576,7463,1392,1499,1342,1873,1157,163,35
35,11,1,#Wednesday,6619,7433,1391,1426,1470,1804,1079,227,36
36,12,1,#Wednesday,6595,7448,1392,1450,1297,1839,1188,244,36
37,13,1,#Wednesday,6537,7390,1392,1330,1324,1847,1186,273,37
38,14,1,#Wednesday,6438,7165,1392,947,1499,1851,1247,191,36
39,15,1,#Wednesday,6523,7087,1391,664,1527,1915,1459,94,37
40,16,1,#Wednesday,6800,7008,1391,594,1561,1957,1450,15,37
41,17,1,#Wednesday,7301,7116,1393,567,1709,1961,1449,0,37
42,18,1,#Wednesday,7432,7337,1395,454,1996,1969,1485,0,37
43,19,1,#Wednesday,7388,7256,1394,385,1941,1972,1527,0,36
44,20,1,#Wednesday,7344,7176,1393,317,1887,1976,1569,0,35
45,21,1,#Wednesday,7054,7100,1386,382,1808,1895,1594,0,35
46,22,1,#Wednesday,6610,7071,1389,476,1687,1886,1597,0,36
47,23,1,#Wednesday,6265,6718,1388,603,1269,1887,1537,0,34
48,0,2,#Thursday,5918,6571,1395,730,1169,1892,1351,0,35
49,1,2,#Thursday,5693,6245,1395,908,956,1646,1304,0,35
50,2,2,#Thursday,5544,6231,1394,1118,885,1509,1290,0,36
51,3,2,#Thursday,5539,6356,1395,1150,900,1536,1339,0,35
52,4,2,#Thursday,5684,6396,1395,981,956,1705,1323,0,35
53,5,2,#Thursday,5830,6437,1395,812,1013,1874,1307,0,36
54,6,2,#Thursday,6144,6142,1397,769,916,1754,1271,0,35
55,7,2,#Thursday,6725,6426,1394,635,1244,1851,1264,0,39
56,8,2,#Thursday,7446,7012,1395,664,1599,1755,1553,6,39
57,9,2,#Thursday,7780,7034,1393,581,1543,1879,1553,43,40
58,10,2,#Thursday,7987,7067,1352,293,1803,1878,1596,103,41
59,11,2,#Thursday,7994,7131,1351,188,1810,1870,1709,159,43
60,12,2,#Thursday,7966,7148,1354,179,1853,1854,1697,168,42
61,13,2,#Thursday,8025,7270,1365,187,1922,1872,1725,153,45
62,14,2,#Thursday,7892,7204,1347,331,1801,1922,1645,114,43
63,15,2,#Thursday,7873,7317,1347,470,1913,1860,1633,49,43
64,16,2,#Thursday,8026,7356,1310,593,1909,1863,1633,5,42
65,17,2,#Thursday,8474,7782,1305,672,2149,1916,1695,0,44
66,18,2,#Thursday,8514,8006,1342,1351,1728,1930,1611,0,43
67,19,2,#Thursday,8470,8261,1375,1790,1588,1887,1581,0,41
68,20,2,#Thursday,8214,8419,1371,2153,1546,1880,1427,0,41
69,21,2,#Thursday,7932,8477,1384,2293,1626,1883,1249,0,41
70,22,2,#Thursday,7454,8495,1390,2379,1548,1887,1249,0,41
71,23,2,#Thursday,6974,8071,1388,2516,1076,1829,1220,0,41
72,0,3,#Friday,6610,8023,1389,2620,982,1769,1221,0,40
73,1,3,#Friday,6406,7672,1394,2637,1000,1362,1236,0,42
74,2,3,#Friday,6372,7650,1398,2575,1055,1308,1270,0,42
75,3,3,#Friday,6237,7532,1395,2607,940,1297,1249,0,42
76,4,3,#Friday,6398,7690,1398,2672,1000,1305,1274,0,42
77,5,3,#Friday,6530,7782,1396,2715,1042,1308,1278,0,42
78,6,3,#Friday,6869,8063,1395,2704,1137,1333,1453,0,42
79,7,3,#Friday,7403,8269,1398,2637,1244,1429,1516,0,45
80,8,3,#Friday,7925,8713,1383,2508,1464,1705,1592,14,44
81,9,3,#Friday,8258,8858,1309,2436,1463,1899,1632,73,45
82,10,3,#Friday,8383,8956,1351,2422,1480,1902,1628,127,45
83,11,3,#Friday,8291,8876,1362,2469,1419,1899,1510,186,46
84,12,3,#Friday,8231,8738,1322,2533,1332,1890,1398,215,46
85,13,3,#Friday,8229,8544,1341,2514,1302,1828,1314,199,44
86,14,3,#Friday,8072,8342,1324,2257,1390,1843,1332,151,43
87,15,3,#Friday,8082,8120,1343,1839,1433,1897,1461,100,45
88,16,3,#Friday,8099,7876,1364,1515,1354,1898,1676,26,43
89,17,3,#Friday,8664,7909,1359,994,1850,1920,1740,1,44
90,18,3,#Friday,8729,7629,1382,629,1851,1989,1733,0,45
91,19,3,#Friday,8619,7516,1383,395,1887,2005,1804,0,42
92,20,3,#Friday,8343,7375,1383,344,1817,1998,1789,0,43
93,21,3,#Friday,8010,7367,1381,237,1902,2008,1795,0,43
94,22,3,#Friday,7417,7077,1382,143,1735,2003,1772,0,42
95,23,3,#Friday,7065,7147,1382,108,1805,2013,1796,0,41
96,0,4,#Saturday,6720,6832,1382,87,1586,1983,1750,0,41
97,1,4,#Saturday,6496,6333,1391,52,1138,1972,1740,0,41
98,2,4,#Saturday,6373,6228,1391,58,1082,1961,1693,0,42
99,3,4,#Saturday,6317,6229,1392,119,1028,1960,1688,0,42
100,4,4,#Saturday,6398,6292,1395,153,1136,1905,1661,0,41
101,5,4,#Saturday,6414,6292,1394,128,1152,1908,1668,0,41
102,6,4,#Saturday,6656,6367,1393,137,1189,1903,1702,0,42
103,7,4,#Saturday,6977,6364,1394,206,1134,1897,1688,0,44
104,8,4,#Saturday,7362,6250,1392,309,1146,1681,1650,27,44
105,9,4,#Saturday,7605,6540,1393,324,1101,1899,1627,149,44
106,10,4,#Saturday,7766,6804,1395,316,1204,1903,1647,296,43
107,11,4,#Saturday,7763,7009,1390,292,1277,1900,1700,407,43
108,12,4,#Saturday,7778,7083,1395,287,1268,1904,1738,447,42
109,13,4,#Saturday,7649,6981,1393,345,1164,1900,1719,416,42
110,14,4,#Saturday,7511,6884,1395,569,996,1895,1662,325,42
111,15,4,#Saturday,7567,6786,1395,601,1149,1904,1543,150,42
112,16,4,#Saturday,7904,6925,1394,581,1258,1918,1722,9,42
113,17,4,#Saturday,8408,7430,1395,821,1461,1984,1726,0,43
114,18,4,#Saturday,8525,7591,1395,1377,1319,1865,1592,0,43
115,19,4,#Saturday,8482,7557,1393,1591,1535,1562,1434,0,41
116,20,4,#Saturday,8226,7533,1393,1666,1429,1562,1441,0,40
117,21,4,#Saturday,7893,7298,1396,1632,1246,1560,1435,0,42
118,22,4,#Saturday,7341,7201,1394,1650,1083,1604,1429,0,41
119,23,4,#Saturday,6983,7260,1400,1807,1008,1628,1376,0,40
120,0,5,#Sunday,6665,7169,1399,1864,964,1511,1389,0,40
121,1,5,#Sunday,6441,6822,1395,1652,1011,1296,1429,0,39
122,2,5,#Sunday,6297,6798,1396,1485,1082,1333,1463,0,40
123,3,5,#Sunday,6168,6671,1396,1427,962,1364,1484,0,39
124,4,5,#Sunday,6260,6531,1397,1358,910,1300,1528,0,37
125,5,5,#Sunday,6244,6367,1396,972,1122,1425,1412,0,40
126,6,5,#Sunday,6341,6191,1398,627,1207,1495,1424,0,40
127,7,5,#Sunday,6649,6134,1401,504,1100,1507,1580,0,42
128,8,5,#Sunday,6812,6300,1398,390,1149,1721,1598,1,41
129,9,5,#Sunday,7087,6561,1393,327,1185,1885,1704,24,42
130,10,5,#Sunday,7161,6694,1397,287,1262,1894,1735,71,46
131,11,5,#Sunday,7074,6833,1398,385,1194,1940,1755,114,47
132,12,5,#Sunday,7129,7009,1394,548,1160,1969,1754,132,50
133,13,5,#Sunday,7211,7225,1397,770,1158,1970,1763,113,52
134,14,5,#Sunday,6997,7243,1392,1109,984,1926,1702,75,53
135,15,5,#Sunday,7095,7442,1396,1646,980,1726,1603,34,53
136,16,5,#Sunday,7307,7471,1400,2093,1003,1514,1405,3,52
137,17,5,#Sunday,7851,7567,1396,2368,833,1513,1404,0,53
138,18,5,#Sunday,7992,7677,1394,2321,992,1524,1393,0,51
139,19,5,#Sunday,7955,7791,1394,2337,1071,1533,1407,0,49
140,20,5,#Sunday,7810,7744,1394,2263,1074,1534,1429,0,50
141,21,5,#Sunday,7593,7888,1394,2241,1204,1545,1452,0,51
142,22,5,#Sunday,7202,7740,1394,2208,1139,1531,1415,0,52
143,23,5,#Sunday,6800,7614,1395,2207,985,1547,1429,0,51
144,0,6,#Monday,6512,7584,1396,2159,974,1552,1453,0,50
145,1,6,#Monday,6270,7019,1392,2222,615,1348,1391,0,50
146,2,6,#Monday,6172,6989,1393,2190,663,1290,1403,0,50
147,3,6,#Monday,6228,7078,1392,2191,730,1292,1424,0,48
148,4,6,#Monday,6280,7147,1395,2218,746,1294,1445,0,49
149,5,6,#Monday,6588,7208,1396,2187,819,1297,1460,0,47
150,6,6,#Monday,7054,7067,1394,2220,735,1310,1358,0,48
151,7,6,#Monday,7723,7471,1396,2245,950,1458,1367,0,54
152,8,6,#Monday,8410,7843,1394,2207,1118,1552,1511,2,57
153,9,6,#Monday,8721,8070,1345,2283,1280,1556,1508,40,57
154,10,6,#Monday,8743,8253,1329,2359,1240,1639,1527,102,55
155,11,6,#Monday,8646,8215,1341,2449,1112,1647,1432,178,55
156,12,6,#Monday,8583,8196,1345,2368,1148,1649,1418,213,53
157,13,6,#Monday,8686,8254,1358,2337,1177,1678,1432,215,55
158,14,6,#Monday,8385,8112,1363,2305,1147,1652,1394,194,56
159,15,6,#Monday,8410,8086,1376,2367,1137,1652,1377,119,57
160,16,6,#Monday,8382,7907,1329,2314,1126,1657,1393,30,57
161,17,6,#Monday,8910,8245,1366,2309,1328,1750,1437,0,54
162,18,6,#Monday,8992,8241,1383,2399,1317,1724,1361,0,56
163,19,6,#Monday,8975,8195,1384,2422,1417,1509,1410,0,54
164,20,6,#Monday,8795,8092,1387,2519,1277,1480,1375,0,54
165,21,6,#Monday,8501,8062,1386,2439,1277,1495,1411,0,54
166,22,6,#Monday,7859,7598,1384,2349,922,1495,1391,0,55
167,23,6,#Monday,7369,7331,1386,2200,731,1512,1448,0,54
168,0,7,#Tuesday,7106,7352,1384,1988,976,1524,1427,0,53
169,1,7,#Tuesday,6951,7593,1387,1987,907,1716,1540,0,55
170,2,7,#Tuesday,6890,7726,1392,1848,851,1866,1710,0,57
171,3,7,#Tuesday,6839,7602,1393,1573,902,1856,1820,0,57
172,4,7,#Tuesday,6890,7539,1394,1296,982,1894,1915,0,57
173,5,7,#Tuesday,7084,7386,1392,1170,1006,1945,1816,0,58
174,6,7,#Tuesday,7588,7312,1393,1005,1126,1941,1789,0,58
175,7,7,#Tuesday,8433,7787,1390,1183,1320,1890,1941,0,61
176,8,7,#Tuesday,9170,7629,1395,1314,1286,1699,1847,23,63
177,9,7,#Tuesday,9465,8054,1392,950,1613,1914,1998,125,62
178,10,7,#Tuesday,9422,8080,1394,694,1650,1979,2071,228,62
179,11,7,#Tuesday,9354,8102,1393,554,1697,1991,2094,312,61
180,12,7,#Tuesday,9131,7992,1383,379,1703,1999,2091,373,61
181,13,7,#Tuesday,9101,7945,1384,296,1717,2003,2112,371,60
182,14,7,#Tuesday,8873,7833,1383,339,1618,2012,2111,307,62
183,15,7,#Tuesday,8826,7712,1387,405,1653,2020,2008,173,65
184,16,7,#Tuesday,8933,7744,1386,510,1765,2020,1958,42,62
185,17,7,#Tuesday,9394,8029,1392,651,1939,2018,1965,0,63
186,18,7,#Tuesday,9437,8182,1390,905,1859,2015,1951,0,62
187,19,7,#Tuesday,9318,8222,1392,969,1820,2007,1974,0,60
188,20,7,#Tuesday,9123,8370,1390,935,1962,2006,2017,0,59
189,21,7,#Tuesday,8677,8152,1393,870,1820,2038,1970,0,60
190,22,7,#Tuesday,7939,7946,1392,1002,1500,2047,1943,0,63
191,23,7,#Tuesday,7494,7740,1395,1290,1006,2046,1940,0,63
192,0,8,#Wednesday,7136,7686,1395,1436,909,1959,1923,0,62
193,1,8,#Wednesday,6999,7577,1393,1341,909,1952,1920,0,62
194,2,8,#Wednesday,6884,7370,1394,1193,967,1953,1802,0,61
195,3,8,#Wednesday,6898,7244,1394,1219,979,1939,1651,0,63
196,4,8,#Wednesday,6855,7088,1392,1019,957,1942,1716,0,62
197,5,8,#Wednesday,7064,7240,1391,924,972,1951,1942,0,61
198,6,8,#Wednesday,7546,7386,1395,892,1052,2002,1983,0,60
199,7,8,#Wednesday,8505,7945,1393,876,1537,2045,2030,0,63
200,8,8,#Wednesday,8951,8022,1392,878,1557,2043,2075,13,64
201,9,8,#Wednesday,9220,7993,1360,874,1516,2039,2062,75,65
202,10,8,#Wednesday,9208,7976,1277,724,1593,2043,2087,188,63
203,11,8,#Wednesday,9163,7980,1293,487,1739,2001,2138,256,64
204,12,8,#Wednesday,9099,7816,1346,284,1744,1996,2104,276,64
205,13,8,#Wednesday,8995,7844,1355,295,1709,2033,2132,253,65
206,14,8,#Wednesday,8930,7889,1358,311,1849,2017,2136,159,58
207,15,8,#Wednesday,8751,7644,1374,493,1597,1989,2057,72,60
208,16,8,#Wednesday,8874,7867,1382,561,1727,2001,2122,10,63
209,17,8,#Wednesday,9298,8186,1383,462,2066,2024,2187,0,63
210,18,8,#Wednesday,9384,8333,1385,396,2313,2004,2172,0,63
211,19,8,#Wednesday,9266,8408,1386,498,2209,2009,2244,0,61
212,20,8,#Wednesday,8973,8445,1387,649,2129,2003,2217,0,60
213,21,8,#Wednesday,8498,8416,1382,855,1860,2043,2215,0,60
214,22,8,#Wednesday,7945,8455,1380,1139,1643,2005,2227,0,61
215,23,8,#Wednesday,7566,8355,1381,1327,1326,2006,2255,0,59
216,0,9,#Thursday,7229,8117,1389,1482,1023,1932,2231,0,58
217,1,9,#Thursday,6990,8013,1394,1720,1081,1529,2231,0,57
218,2,9,#Thursday,6941,8011,1394,1806,973,1530,2250,0,57
219,3,9,#Thursday,6886,8010,1395,1959,860,1521,2218,0,57
220,4,9,#Thursday,6916,8029,1397,2115,884,1499,2075,0,57
221,5,9,#Thursday,7148,8260,1396,1994,1104,1484,2224,0,58
222,6,9,#Thursday,7651,8474,1396,1759,1364,1591,2305,0,59
223,7,9,#Thursday,8386,8415,1395,1559,1513,1611,2273,0,63
224,8,9,#Thursday,8897,8627,1395,1100,1881,1909,2275,0,65
225,9,9,#Thursday,9278,8586,1348,881,2071,1994,2221,13,58
226,10,9,#Thursday,9378,8587,1347,694,2182,2031,2239,28,65
227,11,9,#Thursday,9195,8293,1348,495,2034,2032,2267,50,65
228,12,9,#Thursday,9245,8182,1340,279,2168,2019,2247,66,62
229,13,9,#Thursday,9071,8066,1347,342,2041,2016,2158,96,64
230,14,9,#Thursday,8924,7857,1368,353,1815,2012,2177,70,65
231,15,9,#Thursday,8856,7848,1376,362,1762,2019,2226,36,64
232,16,9,#Thursday,8992,7898,1361,428,1781,2027,2233,3,64
233,17,9,#Thursday,9373,8159,1359,493,2029,2023,2190,0,64
234,18,9,#Thursday,9440,8170,1382,393,2020,2021,2288,0,65
235,19,9,#Thursday,9354,8008,1383,402,1901,2023,2232,0,67
236,20,9,#Thursday,9121,7903,1381,428,1764,2023,2240,0,67
237,21,9,#Thursday,8774,7856,1380,395,1720,2020,2275,0,66
238,22,9,#Thursday,8085,7695,1382,332,1639,2012,2264,0,64
239,23,9,#Thursday,7405,7313,1384,447,1170,2012,2237,0,63
240,0,10,#Friday,7290,7587,1383,447,1387,2009,2301,0,60
241,1,10,#Friday,7034,6969,1388,436,1301,1565,2218,0,61
242,2,10,#Friday,7028,6954,1391,399,1222,1582,2299,0,60
243,3,10,#Friday,6891,6937,1391,358,1250,1571,2307,0,60
244,4,10,#Friday,7023,7134,1388,388,1397,1566,2335,0,61
245,5,10,#Friday,7133,7461,1390,706,1430,1566,2309,0,60
246,6,10,#Friday,7511,7432,1390,958,1161,1577,2283,0,63
247,7,10,#Friday,8330,8037,1389,1394,1275,1635,2280,0,64
248,8,10,#Friday,8948,8498,1386,1729,1264,1767,2288,0,63
249,9,10,#Friday,9305,8863,1375,1794,1394,1928,2302,3,65
250,10,10,#Friday,9337,8998,1374,1842,1454,1927,2326,9,65
251,11,10,#Friday,9281,9011,1377,1936,1375,1919,2307,30,65
252,12,10,#Friday,9162,8853,1343,1747,1397,1922,2323,55,64
253,13,10,#Friday,9082,8610,1356,1377,1398,1986,2357,69,65
254,14,10,#Friday,8905,8531,1374,1121,1554,2009,2340,65,65
255,15,10,#Friday,8672,8298,1382,947,1537,2016,2312,41,62
256,16,10,#Friday,8772,8142,1382,754,1629,2020,2289,6,62
257,17,10,#Friday,9294,8144,1379,658,1670,2024,2348,0,63
258,18,10,#Friday,9287,8122,1382,801,1527,2028,2319,0,64
259,19,10,#Friday,9123,7805,1383,718,1332,2026,2280,0,64
260,20,10,#Friday,8935,7618,1382,497,1375,1960,2343,0,61
261,21,10,#Friday,8563,7545,1385,349,1448,1947,2354,0,62
262,22,10,#Friday,7834,7169,1383,218,1309,1947,2251,0,61
263,23,10,#Friday,7448,7008,1381,143,1187,1947,2289,0,60
264,0,11,#Saturday,7098,6928,1382,57,1157,1949,2324,0,58
265,1,11,#Saturday,6929,6751,1382,69,1052,1932,2257,0,58
266,2,11,#Saturday,6765,6719,1383,155,948,1926,2249,0,58
267,3,11,#Saturday,6678,6706,1391,323,839,1912,2184,0,57
268,4,11,#Saturday,6670,6849,1388,511,812,1906,2173,0,57
269,5,11,#Saturday,6792,7015,1390,540,1061,1828,2139,0,56
270,6,11,#Saturday,7007,7134,1390,700,983,1918,2085,0,57
271,7,11,#Saturday,7440,7188,1390,736,968,1904,2131,0,59
272,8,11,#Saturday,7878,7361,1392,803,982,1785,2335,5,58
273,9,11,#Saturday,8290,8073,1386,872,1309,2020,2384,42,58
274,10,11,#Saturday,8412,8353,1390,1173,1326,2008,2289,106,58
275,11,11,#Saturday,8372,8397,1391,1655,935,1969,2228,160,58
276,12,11,#Saturday,8305,8458,1392,1747,954,1911,2186,211,58
277,13,11,#Saturday,8202,8369,1389,1704,895,1900,2183,240,56
278,14,11,#Saturday,8013,8244,1390,1590,993,1908,2085,219,58
279,15,11,#Saturday,8008,8183,1390,1405,1067,1912,2232,117,58
280,16,11,#Saturday,8184,8089,1389,1259,1082,1917,2365,18,57
281,17,11,#Saturday,8751,8469,1389,1174,1455,2019,2372,0,60
282,18,11,#Saturday,8896,8497,1389,1125,1572,2015,2339,0,58
283,19,11,#Saturday,8697,8221,1387,994,1392,2010,2379,0,57
284,20,11,#Saturday,8443,7997,1389,766,1358,2013,2412,0,59
285,21,11,#Saturday,8079,7760,1382,650,1257,2009,2405,0,56
286,22,11,#Saturday,7639,7535,1381,427,1166,2011,2493,0,56
287,23,11,#Saturday,7202,7333,1383,277,1063,2018,2537,0,55
288,0,12,#Sunday,6806,6996,1383,325,954,2006,2272,0,55
289,1,12,#Sunday,6598,6563,1389,291,1009,1567,2253,0,55
290,2,12,#Sunday,6468,6387,1391,182,951,1576,2231,0,55
291,3,12,#Sunday,6447,6355,1391,145,958,1575,2232,0,54
292,4,12,#Sunday,6432,6344,1389,153,944,1574,2230,0,54
293,5,12,#Sunday,6589,6401,1389,100,1064,1577,2216,0,56
294,6,12,#Sunday,6699,6363,1390,154,999,1588,2177,0,54
295,7,12,#Sunday,6888,6401,1390,159,984,1607,2206,0,55
296,8,12,#Sunday,7112,6417,1388,162,914,1747,2140,9,55
297,9,12,#Sunday,7424,6920,1390,144,1027,1995,2236,69,58
298,10,12,#Sunday,7481,7056,1390,163,1080,2015,2202,148,57
299,11,12,#Sunday,7424,7234,1391,190,1206,2019,2199,172,57
300,12,12,#Sunday,7411,7225,1390,246,1191,1938,2134,268,58
301,13,12,#Sunday,7262,6935,1391,286,970,1919,2082,228,57
302,14,12,#Sunday,7028,6836,1392,352,990,1737,2152,157,55
303,15,12,#Sunday,7223,7012,1391,386,1058,1819,2236,68,55
304,16,12,#Sunday,7572,7198,1394,463,1138,1873,2268,5,56
305,17,12,#Sunday,7784,7190,1390,533,1143,1895,2174,0,56
306,18,12,#Sunday,8208,7573,1394,772,1205,2008,2140,0,55
307,19,12,#Sunday,8223,7613,1392,739,1258,2017,2151,0,55
308,20,12,#Sunday,8033,7584,1391,759,1219,2015,2145,0,55
309,21,12,#Sunday,7707,7582,1389,813,1173,2019,2134,0,55
310,22,12,#Sunday,7253,7591,1392,907,1180,1987,2071,0,55
311,23,12,#Sunday,6855,7408,1392,1031,1019,1927,1986,0,53
312,0,13,#Monday,6637,7342,1391,1136,1045,1927,1791,0,53
313,1,13,#Monday,6417,6774,1389,1236,858,1582,1655,0,53
314,2,13,#Monday,6328,6688,1391,1250,922,1506,1565,0,53
315,3,13,#Monday,6364,6507,1390,1218,803,1497,1545,0,52
316,4,13,#Monday,6454,6526,1392,1222,687,1508,1664,0,53
317,5,13,#Monday,6772,6837,1391,1434,671,1487,1801,0,53
318,6,13,#Monday,7653,7552,1392,1668,936,1571,1929,0,56
319,7,13,#Monday,8565,8298,1389,1803,1492,1619,1933,0,60
320,8,13,#Monday,9055,8478,1393,1890,1409,1796,1911,17,59
321,9,13,#Monday,9313,8575,1360,1817,1318,1992,1949,78,59
322,10,13,#Monday,9256,8485,1340,1656,1355,1996,1958,122,58
323,11,13,#Monday,9047,8328,1334,1458,1349,1994,1949,185,57
324,12,13,#Monday,8898,8226,1340,1461,1205,1965,1916,276,60
325,13,13,#Monday,8798,8130,1353,1455,1249,1886,1847,279,60
326,14,13,#Monday,8681,8190,1353,1538,1254,1879,1867,237,61
327,15,13,#Monday,8508,8212,1359,1884,1066,1887,1792,162,61
328,16,13,#Monday,8618,8319,1319,2251,1132,1923,1596,41,55
329,17,13,#Monday,9111,8375,1334,2220,1239,1943,1577,0,60
330,18,13,#Monday,9164,8524,1376,2292,1476,1723,1595,0,61
331,19,13,#Monday,9077,8414,1378,2102,1591,1653,1628,0,60
332,20,13,#Monday,8808,8334,1376,1659,1569,1966,1702,0,60
333,21,13,#Monday,8262,8119,1375,1481,1397,1969,1835,0,61
334,22,13,#Monday,7648,7913,1380,1405,1181,1998,1886,0,62
335,23,13,#Monday,7258,7746,1377,1288,1067,1987,1967,0,60
336,0,14,#Tuesday,6922,7611,1375,1254,1087,1971,1864,0,59
337,1,14,#Tuesday,6738,7211,1375,997,918,1937,1922,0,62
338,2,14,#Tuesday,6546,6985,1385,860,827,1922,1930,0,61
339,3,14,#Tuesday,6532,6926,1388,927,700,1931,1919,0,61
340,4,14,#Tuesday,6669,6962,1388,880,846,1953,1835,0,60
341,5,14,#Tuesday,6926,7149,1388,1016,859,1964,1860,0,61
342,6,14,#Tuesday,7684,7691,1388,1325,971,1981,1967,0,58
343,7,14,#Tuesday,8536,8140,1391,1644,1316,1829,1904,0,55
344,8,14,#Tuesday,8980,8282,1388,2240,1346,1558,1686,12,52
345,9,14,#Tuesday,9273,8402,1387,2295,1405,1490,1716,54,52
346,10,14,#Tuesday,9230,8333,1388,2278,1327,1480,1686,115,57
347,11,14,#Tuesday,8959,8116,1385,1989,1268,1519,1693,197,64
348,12,14,#Tuesday,8804,8072,1377,1838,1224,1618,1691,260,62
349,13,14,#Tuesday,8797,8049,1369,1707,1238,1650,1728,293,64
350,14,14,#Tuesday,8656,7941,1356,1494,1176,1837,1742,270,65
351,15,14,#Tuesday,8546,7813,1380,1219,1161,2015,1806,165,65
352,16,14,#Tuesday,8683,7795,1391,1197,1137,2067,1893,44,65
353,17,14,#Tuesday,9095,8178,1391,1450,1160,2141,1959,12,63
354,18,14,#Tuesday,9267,8454,1390,1874,1278,1968,1879,0,63
355,19,14,#Tuesday,9143,8258,1391,1969,1282,1774,1779,0,63
356,20,14,#Tuesday,8926,8243,1392,1739,1506,1781,1758,0,65
357,21,14,#Tuesday,8524,8290,1391,1630,1408,2078,1719,0,64
358,22,14,#Tuesday,7933,8023,1389,1608,1249,2002,1713,0,63
359,23,14,#Tuesday,7374,7721,1397,1439,1128,1938,1756,0,61
360,0,15,#Wednesday,7038,7516,1391,1433,922,2035,1674,0,60
361,1,15,#Wednesday,6798,6870,1394,1450,878,1501,1585,0,61
362,2,15,#Wednesday,6755,6922,1393,1517,834,1522,1596,0,61
363,3,15,#Wednesday,6778,6957,1390,1330,960,1528,1679,0,60
364,4,15,#Wednesday,6776,6985,1395,1232,932,1573,1791,0,60
365,5,15,#Wednesday,7027,7278,1394,1719,805,1561,1737,0,61
366,6,15,#Wednesday,7724,7574,1393,1966,897,1516,1738,0,63
367,7,15,#Wednesday,8578,8264,1394,2141,1407,1531,1728,0,63
368,8,15,#Wednesday,8948,8338,1392,2187,1328,1697,1661,7,64
369,9,15,#Wednesday,9211,8597,1379,2161,1371,1886,1690,46,63
370,10,15,#Wednesday,9252,8599,1350,2122,1337,1910,1696,119,63
371,11,15,#Wednesday,9059,8529,1362,2297,1200,1802,1596,206,64
372,12,15,#Wednesday,8939,8433,1353,2296,1285,1606,1575,254,63
373,13,15,#Wednesday,8814,8330,1363,2191,1236,1695,1502,279,63
374,14,15,#Wednesday,8733,8284,1358,2119,1247,1700,1525,272,63
375,15,15,#Wednesday,8549,8119,1369,2073,1193,1704,1527,187,65
376,16,15,#Wednesday,8630,8031,1379,1893,1303,1796,1546,49,63
377,17,15,#Wednesday,8949,8029,1384,1670,1324,1907,1679,0,64
378,18,15,#Wednesday,9222,8286,1384,1442,1582,2007,1810,0,61
379,19,15,#Wednesday,9097,7995,1383,1087,1644,2004,1822,0,55
380,20,15,#Wednesday,8882,7664,1385,741,1641,2007,1834,0,55
381,21,15,#Wednesday,8551,7639,1384,629,1703,2012,1855,0,55
382,22,15,#Wednesday,7863,7005,1385,561,1269,1979,1756,0,55
383,23,15,#Wednesday,7264,6738,1394,389,1165,1931,1808,0,51
384,0,16,#Thursday,6956,6611,1393,267,1113,1938,1847,0,53
385,1,16,#Thursday,6793,6105,1393,141,944,1932,1645,0,51
386,2,16,#Thursday,6632,5978,1391,81,887,1932,1636,0,51
387,3,16,#Thursday,6727,6082,1393,96,946,1937,1656,0,53
388,4,16,#Thursday,6729,6069,1396,73,946,1946,1654,0,52
389,5,16,#Thursday,7032,6163,1393,75,1001,1969,1672,0,53
390,6,16,#Thursday,7552,6488,1395,110,1190,2073,1665,0,55
391,7,16,#Thursday,8362,6983,1395,231,1562,2059,1676,0,59
392,8,16,#Thursday,8756,7249,1396,444,1733,1917,1659,38,59
393,9,16,#Thursday,9006,7584,1336,629,1660,2058,1641,198,62
394,10,16,#Thursday,8839,7377,1356,618,1296,2058,1621,362,63
395,11,16,#Thursday,8694,7245,1329,526,1357,1910,1612,447,63
396,12,16,#Thursday,8524,7146,1367,570,1253,1907,1479,507,63
397,13,16,#Thursday,8502,7141,1357,712,1259,1877,1373,499,62
398,14,16,#Thursday,8427,7113,1383,716,1144,1902,1488,415,63
399,15,16,#Thursday,8365,6942,1371,704,1238,1750,1532,284,62
400,16,16,#Thursday,8347,7075,1358,795,1323,1938,1494,104,61
401,17,16,#Thursday,8850,7335,1379,1087,1317,1936,1554,1,60
402,18,16,#Thursday,9103,7695,1391,1334,1281,2007,1621,0,61
403,19,16,#Thursday,9052,7612,1389,1501,1246,1916,1497,0,62
404,20,16,#Thursday,8945,7614,1389,1427,1269,1975,1494,0,60
405,21,16,#Thursday,8399,7293,1388,1236,1224,1862,1522,0,60
406,22,16,#Thursday,7653,6924,1391,1294,983,1669,1527,0,60
407,23,16,#Thursday,7311,6711,1390,1346,821,1547,1549,0,58
408,0,17,#Friday,6973,6858,1389,1326,948,1635,1503,0,58
409,1,17,#Friday,6823,7000,1391,1299,988,1838,1420,0,63
410,2,17,#Friday,6702,6995,1393,1406,828,1928,1374,0,64
411,3,17,#Friday,6608,6839,1394,1236,840,1930,1374,0,65
412,4,17,#Friday,6740,6766,1397,1168,844,1928,1367,0,63
413,5,17,#Friday,6956,6643,1392,1017,869,1928,1373,0,63
414,6,17,#Friday,7590,6591,1394,876,935,1931,1391,0,63
415,7,17,#Friday,8452,7248,1393,885,1547,1927,1429,0,66
416,8,17,#Friday,8881,7336,1395,808,1626,1930,1468,43,65
417,9,17,#Friday,8932,7197,1369,751,1486,1914,1391,221,64
418,10,17,#Friday,8773,7119,1341,714,1397,1907,1318,375,65
419,11,17,#Friday,8533,6970,1376,646,1343,1703,1353,488,58
420,12,17,#Friday,8461,6864,1340,561,1308,1692,1383,515,63
421,13,17,#Friday,8374,6773,1354,513,1302,1682,1379,480,61
422,14,17,#Friday,8219,6697,1353,408,1381,1684,1424,381,64
423,15,17,#Friday,8208,6774,1353,350,1521,1834,1436,214,65
424,16,17,#Friday,8412,6907,1379,448,1590,1903,1482,38,64
425,17,17,#Friday,8869,7108,1376,627,1570,1905,1562,0,65
426,18,17,#Friday,8982,7248,1377,728,1583,1913,1582,0,64
427,19,17,#Friday,8871,7277,1379,840,1544,1924,1524,0,65
428,20,17,#Friday,8782,7397,1378,727,1777,1924,1524,0,65
429,21,17,#Friday,8237,7260,1378,721,1556,1929,1611,0,63
430,22,17,#Friday,7505,6997,1378,799,1252,1924,1581,0,64
431,23,17,#Friday,7162,6880,1382,863,1021,1929,1622,0,62
432,0,18,#Saturday,6847,6966,1389,1016,929,1933,1637,0,60
433,1,18,#Saturday,6689,6724,1386,1290,845,1549,1594,0,58
434,2,18,#Saturday,6462,6619,1387,1371,785,1478,1537,0,61
435,3,18,#Saturday,6536,6714,1387,1599,749,1415,1504,0,61
436,4,18,#Saturday,6608,6762,1385,1884,699,1310,1422,0,61
437,5,18,#Saturday,6702,6772,1391,1877,694,1312,1437,0,61
438,6,18,#Saturday,6877,6671,1388,1649,781,1338,1452,0,63
439,7,18,#Saturday,7402,6853,1388,1605,909,1462,1426,0,62
440,8,18,#Saturday,7786,7097,1389,1383,1150,1636,1464,12,62
441,9,18,#Saturday,8162,7432,1389,1078,1393,1912,1536,60,62
442,10,18,#Saturday,8377,7434,1386,807,1469,1957,1635,118,60
443,11,18,#Saturday,8373,7270,1384,662,1363,2045,1594,160,60
444,12,18,#Saturday,8261,7143,1385,583,1302,2045,1613,156,60
445,13,18,#Saturday,8196,7037,1388,472,1320,2041,1621,133,60
446,14,18,#Saturday,7973,6843,1384,393,1274,2049,1561,120,62
447,15,18,#Saturday,7907,6821,1386,398,1288,2050,1575,61,61
448,16,18,#Saturday,8090,6827,1385,435,1279,2061,1597,8,60
449,17,18,#Saturday,8542,7014,1386,506,1381,2064,1620,0,56
450,18,18,#Saturday,8663,7297,1385,614,1537,2058,1646,0,56
451,19,18,#Saturday,8487,7085,1388,752,1254,2059,1579,0,54
452,20,18,#Saturday,8322,6998,1385,937,1154,1969,1499,0,53
453,21,18,#Saturday,7890,6838,1387,926,1185,1843,1445,0,52
454,22,18,#Saturday,7401,6742,1387,882,1207,1745,1468,0,53
455,23,18,#Saturday,6999,6594,1390,953,1117,1639,1445,0,50
456,0,19,#Sunday,6667,6413,1387,957,1001,1551,1462,0,54
457,1,19,#Sunday,6446,6109,1387,1061,792,1351,1460,0,57
458,2,19,#Sunday,6364,6133,1387,1064,829,1320,1475,0,57
459,3,19,#Sunday,6312,6174,1388,1123,821,1321,1466,0,56
460,4,19,#Sunday,6274,6229,1387,1218,792,1316,1460,0,56
461,5,19,#Sunday,6399,6314,1390,1306,770,1358,1435,0,56
462,6,19,#Sunday,6475,6327,1388,1299,705,1471,1405,0,60
463,7,19,#Sunday,6627,6571,1387,1360,774,1545,1446,0,60
464,8,19,#Sunday,6981,6816,1390,1362,916,1627,1460,0,60
465,9,19,#Sunday,7258,6962,1388,1451,868,1726,1444,23,60
466,10,19,#Sunday,7371,7050,1389,1436,912,1735,1463,54,59
467,11,19,#Sunday,7383,7115,1387,1231,1013,1838,1496,89,60
468,12,19,#Sunday,7501,7204,1391,1165,1028,1844,1615,99,59
469,13,19,#Sunday,7257,6980,1388,1135,896,1839,1576,84,59
470,14,19,#Sunday,7203,6876,1390,1089,920,1833,1527,57,59
471,15,19,#Sunday,7220,6882,1387,1037,977,1845,1541,34,59
472,16,19,#Sunday,7456,6860,1388,1040,1019,1830,1514,10,59
473,17,19,#Sunday,7840,6971,1392,1155,1096,1800,1468,0,59
474,18,19,#Sunday,8146,7418,1390,1088,1512,1863,1504,0,59
475,19,19,#Sunday,8108,7382,1388,976,1546,1898,1515,0,59
476,20,19,#Sunday,7928,7258,1388,959,1462,1918,1473,0,58
477,21,19,#Sunday,7605,6964,1387,909,1329,1830,1450,0,58
478,22,19,#Sunday,7100,6639,1386,851,1124,1768,1451,0,59
479,23,19,#Sunday,6683,6436,1390,890,1011,1629,1461,0,55
480,0,20,#Monday,6420,6323,1386,1089,798,1563,1431,0,56
481,1,20,#Monday,6258,6313,1388,1306,765,1357,1440,0,56
482,2,20,#Monday,6197,6412,1389,1551,760,1321,1336,0,56
483,3,20,#Monday,6160,6537,1387,1858,575,1318,1342,0,57
484,4,20,#Monday,6271,6747,1389,2147,500,1316,1338,0,56
485,5,20,#Monday,6489,6804,1387,2001,674,1322,1363,0,56
486,6,20,#Monday,7177,6785,1388,1843,751,1374,1374,0,54
487,7,20,#Monday,8195,7554,1385,1598,1469,1491,1554,0,57
488,8,20,#Monday,8863,7974,1385,1342,1712,1814,1638,22,60
489,9,20,#Monday,9055,7989,1271,1315,1699,1855,1719,67,62
490,10,20,#Monday,9047,8052,1293,1407,1638,1848,1690,115,60
491,11,20,#Monday,8915,8048,1350,1506,1492,1844,1638,156,62
492,12,20,#Monday,8844,7937,1355,1323,1477,1857,1680,183,60
493,13,20,#Monday,8855,7877,1377,1038,1586,1921,1720,171,61
494,14,20,#Monday,8701,7808,1322,918,1700,1915,1758,133,61
495,15,20,#Monday,8614,7664,1334,838,1609,1976,1756,89,61
496,16,20,#Monday,8632,7496,1326,730,1554,1987,1819,19,60
497,17,20,#Monday,9082,7638,1329,666,1807,1962,1813,0,60
498,18,20,#Monday,9109,7713,1376,593,1862,1969,1850,0,63
499,19,20,#Monday,9018,7457,1377,546,1688,1971,1813,0,61
500,20,20,#Monday,8934,7431,1377,528,1742,1938,1785,0,60
501,21,20,#Monday,8404,7128,1376,499,1653,1892,1646,0,61
502,22,20,#Monday,7748,6775,1378,337,1508,1882,1611,0,60
503,23,20,#Monday,7263,6564,1384,299,1354,1888,1581,0,57
504,0,21,#Tuesday,7007,6629,1383,185,1471,1899,1632,0,58
505,1,21,#Tuesday,6825,6516,1387,93,1333,1899,1746,0,58
506,2,21,#Tuesday,6665,6193,1388,36,1104,1886,1720,0,59
507,3,21,#Tuesday,6660,6143,1386,22,1074,1880,1723,0,56
508,4,21,#Tuesday,6711,6063,1387,29,1003,1874,1712,0,57
509,5,21,#Tuesday,6990,6157,1387,50,1045,1870,1747,0,57
510,6,21,#Tuesday,7695,6434,1391,82,1211,1877,1810,0,61
511,7,21,#Tuesday,8467,6982,1390,119,1679,1883,1849,0,62
512,8,21,#Tuesday,8930,7176,1390,158,1891,1818,1851,3,62
513,9,21,#Tuesday,9213,7369,1327,154,1959,1912,1918,38,59
514,10,21,#Tuesday,9156,7336,1327,182,1913,1906,1857,88,62
515,11,21,#Tuesday,8956,7318,1349,281,1769,1900,1836,122,61
516,12,21,#Tuesday,9034,7359,1366,385,1631,1905,1881,133,58
517,13,21,#Tuesday,9025,7426,1345,563,1549,1907,1866,133,61
518,14,21,#Tuesday,8813,7491,1347,826,1438,1882,1827,111,59
519,15,21,#Tuesday,8761,7376,1351,1057,1408,1799,1637,63,59
520,16,21,#Tuesday,8760,7569,1389,1194,1437,1833,1643,14,59
521,17,21,#Tuesday,9171,7889,1387,1292,1660,1835,1655,0,61
522,18,21,#Tuesday,9285,8041,1387,1508,1655,1812,1616,0,61
523,19,21,#Tuesday,9188,8135,1385,1712,1548,1833,1593,0,63
524,20,21,#Tuesday,8908,8239,1383,1919,1515,1755,1609,0,59
525,21,21,#Tuesday,8469,8260,1384,2179,1460,1577,1600,0,60
526,22,21,#Tuesday,7895,8081,1381,2239,1349,1420,1632,0,60
527,23,21,#Tuesday,7440,7770,1392,2206,1039,1424,1651,0,56
528,0,22,#Wednesday,7076,7693,1393,2184,976,1424,1660,0,57
529,1,22,#Wednesday,6846,7455,1393,2208,953,1183,1665,0,54
530,2,22,#Wednesday,6768,7391,1391,2440,734,1176,1593,0,57
531,3,22,#Wednesday,6686,7343,1392,2420,713,1173,1587,0,57
532,4,22,#Wednesday,6805,7348,1390,2490,680,1175,1558,0,55
533,5,22,#Wednesday,7068,7443,1392,2426,813,1177,1578,0,56
534,6,22,#Wednesday,7657,7476,1392,2262,900,1220,1644,0,57
535,7,22,#Wednesday,8390,8006,1391,2020,1469,1394,1673,0,59
536,8,22,#Wednesday,8891,8501,1387,1639,1922,1608,1878,5,59
537,9,22,#Wednesday,9185,8495,1347,1291,2022,1796,1935,44,59
538,10,22,#Wednesday,9053,8196,1370,1100,1897,1809,1879,81,57
539,11,22,#Wednesday,8944,8146,1351,903,1961,1806,1922,143,58
540,12,22,#Wednesday,8840,7947,1351,781,1823,1823,1940,169,58
541,13,22,#Wednesday,8750,7773,1379,595,1816,1856,1912,156,57
542,14,22,#Wednesday,8562,7430,1376,573,1541,1859,1866,155,59
543,15,22,#Wednesday,8430,7297,1366,486,1598,1787,1884,119,56
544,16,22,#Wednesday,8535,7262,1366,285,1780,1807,1931,34,57
545,17,22,#Wednesday,8952,7494,1379,150,2093,1875,1939,0,58
546,18,22,#Wednesday,9066,7464,1377,124,2141,1882,1881,0,58
547,19,22,#Wednesday,9013,7464,1377,114,2144,1882,1887,0,60
548,20,22,#Wednesday,8883,7407,1375,167,2041,1884,1880,0,59
549,21,22,#Wednesday,8460,7364,1379,247,1935,1887,1857,0,57
550,22,22,#Wednesday,7751,7073,1382,412,1463,1854,1902,0,58
551,23,22,#Wednesday,7210,6690,1385,573,1007,1791,1878,0,54
552,0,23,#Thursday,7017,6866,1384,564,1154,1804,1905,0,55
553,1,23,#Thursday,6796,6991,1391,626,1242,1806,1872,0,53
554,2,23,#Thursday,6661,6879,1391,672,1005,1795,1961,0,54
555,3,23,#Thursday,6630,6808,1392,642,956,1786,1979,0,52
556,4,23,#Thursday,6651,6751,1394,616,934,1776,1981,0,51
557,5,23,#Thursday,6820,6821,1394,687,937,1760,1991,0,52
558,6,23,#Thursday,7024,6896,1395,984,889,1712,1863,0,53
559,7,23,#Thursday,7566,7488,1396,1102,1499,1722,1712,0,56
560,8,23,#Thursday,8117,7775,1394,1091,1811,1607,1813,1,56
561,9,23,#Thursday,8529,8134,1393,1083,1884,1757,1933,24,58
562,10,23,#Thursday,8651,8251,1393,1056,1930,1764,2003,46,58
563,11,23,#Thursday,8675,8376,1391,1034,1964,1848,2018,61,58
564,12,23,#Thursday,8641,8224,1391,1158,1717,1851,1976,71,58
565,13,23,#Thursday,8606,8255,1393,1444,1531,1829,1937,61,58
566,14,23,#Thursday,8404,8201,1393,1729,1430,1746,1802,41,57
567,15,23,#Thursday,8321,8238,1393,1780,1560,1745,1675,25,58
568,16,23,#Thursday,8447,8310,1393,1999,1444,1747,1666,3,57
569,17,23,#Thursday,8768,8465,1394,2109,1587,1658,1659,0,58
570,18,23,#Thursday,8892,8539,1394,2152,1605,1657,1675,0,57
571,19,23,#Thursday,8795,8510,1393,2087,1621,1663,1689,0,57
572,20,23,#Thursday,8691,8471,1393,2006,1635,1661,1718,0,57
573,21,23,#Thursday,8214,8232,1395,1922,1619,1579,1659,0,58
574,22,23,#Thursday,7576,7874,1388,1899,1461,1443,1628,0,55
575,23,23,#Thursday,7189,7354,1390,1736,1074,1395,1706,0,54
576,0,24,#Friday,6861,7202,1394,1658,990,1401,1706,0,53
577,1,24,#Friday,6658,7535,1397,1805,899,1745,1634,0,54
578,2,24,#Friday,6636,7520,1393,1813,833,1775,1650,0,56
579,3,24,#Friday,6471,7432,1394,1755,826,1764,1636,0,57
580,4,24,#Friday,6565,7420,1391,1618,898,1779,1677,0,56
581,5,24,#Friday,6737,7326,1396,1427,953,1779,1714,0,56
582,6,24,#Friday,7172,7391,1389,1208,1002,1785,1947,0,58
583,7,24,#Friday,8035,7855,1390,1137,1511,1805,1950,0,61
584,8,24,#Friday,8532,8029,1391,1166,1814,1670,1930,0,58
585,9,24,#Friday,8888,8266,1366,1069,1917,1810,2032,12,58
586,10,24,#Friday,9107,8414,1359,1022,2100,1864,1981,30,57
587,11,24,#Friday,9010,8391,1335,1083,2023,1870,1976,46,56
588,12,24,#Friday,8998,8216,1336,1134,1791,1890,1952,55,56
589,13,24,#Friday,8957,8123,1365,1085,1728,1883,1948,60,56
590,14,24,#Friday,8732,8070,1362,906,1841,1862,1995,43,58
591,15,24,#Friday,8617,8078,1356,995,1788,1865,1985,28,57
592,16,24,#Friday,8714,8175,1355,1325,1618,1870,1944,6,57
593,17,24,#Friday,8935,8323,1373,1570,1784,1733,1806,0,56
594,18,24,#Friday,9094,8309,1374,1602,1808,1785,1682,0,58
595,19,24,#Friday,8926,8198,1380,1643,1703,1772,1641,0,58
596,20,24,#Friday,8720,7861,1381,1644,1351,1776,1650,0,57
597,21,24,#Friday,8383,7897,1378,1651,1399,1726,1685,0,58
598,22,24,#Friday,7797,7570,1379,1613,1208,1619,1695,0,56
599,23,24,#Friday,7314,7327,1379,1648,927,1628,1689,0,55
600,0,25,#Saturday,6940,6954,1378,1626,874,1353,1668,0,55
601,1,25,#Saturday,6817,7230,1389,1627,1100,1367,1691,0,55
602,2,25,#Saturday,6675,7124,1387,1617,964,1411,1688,0,56
603,3,25,#Saturday,6671,6948,1390,1617,853,1406,1627,0,55
604,4,25,#Saturday,6625,6841,1389,1582,787,1406,1626,0,50
605,5,25,#Saturday,6726,6842,1392,1481,853,1406,1659,0,52
606,6,25,#Saturday,6859,6779,1392,1342,924,1404,1663,0,54
607,7,25,#Saturday,7311,6762,1388,1307,942,1340,1728,0,56
608,8,25,#Saturday,7611,6745,1387,1346,1003,1285,1667,0,55
609,9,25,#Saturday,8107,7289,1387,1264,1439,1398,1732,15,54
610,10,25,#Saturday,8330,7508,1389,1189,1708,1394,1735,40,51
611,11,25,#Saturday,8259,7330,1387,1050,1621,1393,1760,63,54
612,12,25,#Saturday,8182,7293,1390,876,1744,1389,1768,69,53
613,13,25,#Saturday,8088,7110,1389,704,1713,1396,1780,74,53
614,14,25,#Saturday,7949,6850,1387,541,1626,1391,1799,51,54
615,15,25,#Saturday,7849,6617,1391,302,1609,1396,1838,25,54
616,16,25,#Saturday,7994,6550,1387,92,1649,1438,1925,3,54
617,17,25,#Saturday,8367,6587,1386,67,1711,1502,1866,0,55
618,18,25,#Saturday,8614,6773,1387,84,1855,1509,1884,0,54
619,19,25,#Saturday,8456,6643,1386,56,1686,1514,1947,0,54
620,20,25,#Saturday,8283,6679,1388,78,1764,1421,1971,0,56
621,21,25,#Saturday,7965,6518,1387,145,1561,1416,1954,0,55
622,22,25,#Saturday,7301,6380,1387,328,1346,1375,1887,0,55
623,23,25,#Saturday,6911,6449,1389,418,1303,1392,1893,0,53
624,0,26,#Sunday,6599,6336,1392,482,1111,1436,1863,0,53
625,1,26,#Sunday,6406,6198,1388,543,1139,1434,1642,0,52
626,2,26,#Sunday,6282,6220,1390,552,1143,1394,1688,0,52
627,3,26,#Sunday,6216,6168,1388,583,1070,1393,1683,0,52
628,4,26,#Sunday,6207,6074,1389,671,935,1387,1642,0,49
629,5,26,#Sunday,6273,6022,1388,597,958,1386,1643,0,51
630,6,26,#Sunday,6405,5829,1390,392,1026,1383,1587,0,51
631,7,26,#Sunday,6605,5650,1389,229,1007,1370,1600,0,54
632,8,26,#Sunday,6955,5771,1387,89,1149,1361,1723,8,53
633,9,26,#Sunday,7188,6043,1388,35,1383,1335,1798,49,54
634,10,26,#Sunday,7225,6226,1389,22,1501,1340,1783,134,55
635,11,26,#Sunday,7197,6346,1389,-4,1523,1367,1748,268,55
636,12,26,#Sunday,7116,6246,1387,-6,1499,1381,1594,336,54
637,13,26,#Sunday,7016,6219,1388,7,1458,1406,1529,374,54
638,14,26,#Sunday,6899,5968,1390,28,1267,1403,1485,338,55
639,15,26,#Sunday,6784,5700,1387,59,1188,1254,1495,262,53
640,16,26,#Sunday,7031,5743,1390,84,1200,1398,1519,96,54
641,17,26,#Sunday,7602,6141,1391,130,1585,1319,1662,0,54
642,18,26,#Sunday,8014,6357,1391,158,1784,1421,1549,0,53
643,19,26,#Sunday,8011,6396,1392,176,1596,1422,1755,0,54
644,20,26,#Sunday,7929,6546,1390,294,1611,1427,1768,0,54
645,21,26,#Sunday,7526,6491,1392,450,1409,1429,1755,0,55
646,22,26,#Sunday,7164,6689,1389,505,1513,1428,1798,0,56
647,23,26,#Sunday,6724,6580,1391,552,1351,1431,1801,0,53
648,0,27,#Monday,6400,6438,1391,753,1067,1429,1745,0,53
649,1,27,#Monday,6265,6428,1393,1129,859,1427,1565,0,54
650,2,27,#Monday,6238,6392,1392,1399,859,1232,1457,0,53
651,3,27,#Monday,6213,6481,1391,1476,857,1229,1475,0,52
652,4,27,#Monday,6300,6436,1390,1252,983,1233,1527,0,51
653,5,27,#Monday,6612,6611,1389,1260,936,1433,1540,0,51
654,6,27,#Monday,7513,7023,1393,1243,1208,1438,1689,0,51
655,7,27,#Monday,8320,7540,1387,1508,1408,1459,1720,0,58
656,8,27,#Monday,8936,8103,1387,1683,1797,1479,1690,10,56
657,9,27,#Monday,9252,8172,1364,1896,1744,1472,1576,64,57
658,10,27,#Monday,9248,8357,1348,1858,1627,1749,1581,136,57
659,11,27,#Monday,8980,8381,1326,2055,1423,1744,1579,197,56
660,12,27,#Monday,8904,8389,1337,2219,1353,1618,1570,235,56
661,13,27,#Monday,8810,8276,1334,2197,1351,1510,1609,218,55
662,14,27,#Monday,8563,8090,1348,1912,1429,1511,1663,170,57
663,15,27,#Monday,8497,7958,1325,1702,1478,1615,1683,101,54
664,16,27,#Monday,8489,7814,1339,1694,1333,1712,1638,40,56
665,17,27,#Monday,8880,7899,1356,1738,1405,1720,1622,0,56
666,18,27,#Monday,9145,8088,1372,1835,1429,1799,1595,0,57
667,19,27,#Monday,9036,8017,1386,1814,1504,1589,1669,0,55
668,20,27,#Monday,8800,8115,1387,1661,1534,1775,1701,0,56
669,21,27,#Monday,8373,7971,1384,1677,1359,1833,1662,0,55
670,22,27,#Monday,7832,7955,1384,1717,1323,1819,1655,0,56
671,23,27,#Monday,7206,7587,1387,1664,1095,1729,1658,0,53
672,0,28,#Tuesday,6882,7612,1390,1532,1039,1833,1763,0,55
673,1,28,#Tuesday,6687,7580,1396,1365,1053,1835,1876,0,55
674,2,28,#Tuesday,6630,7411,1396,1166,1094,1839,1863,0,53
675,3,28,#Tuesday,6605,7400,1397,988,1150,1835,1977,0,53
676,4,28,#Tuesday,6700,7406,1397,920,1227,1837,1972,0,53
677,5,28,#Tuesday,6956,7417,1396,768,1326,1879,1993,0,54
678,6,28,#Tuesday,7483,7334,1395,680,1351,1907,1945,0,55
679,7,28,#Tuesday,8298,7734,1397,576,1798,1920,1985,0,59
680,8,28,#Tuesday,8797,7820,1394,513,1993,1838,1984,38,58
681,9,28,#Tuesday,9073,8133,1358,565,2107,1907,2013,123,58
682,10,28,#Tuesday,8885,8055,1375,564,1970,1896,2009,184,56
683,11,28,#Tuesday,8817,7783,1361,394,1886,1868,1988,230,56
684,12,28,#Tuesday,8742,7766,1344,364,1885,1885,1986,245,56
685,13,28,#Tuesday,8647,7717,1351,390,1806,1880,1987,247,54
686,14,28,#Tuesday,8396,7404,1363,649,1434,1843,1887,171,56
687,15,28,#Tuesday,8361,7486,1374,653,1624,1786,1884,105,57
688,16,28,#Tuesday,8401,7581,1359,748,1640,1790,1949,37,56
689,17,28,#Tuesday,8785,7955,1383,1139,1711,1797,1874,1,47
690,18,28,#Tuesday,9021,8286,1388,1372,1823,1805,1851,0,48
691,19,28,#Tuesday,8965,8295,1389,1538,1773,1818,1729,0,48
692,20,28,#Tuesday,8816,8323,1390,1493,1897,1816,1679,0,47
693,21,28,#Tuesday,8439,8054,1391,1326,1638,1819,1834,0,46
694,22,28,#Tuesday,7656,7844,1390,1683,1263,1692,1769,0,47
695,23,28,#Tuesday,7097,7458,1390,1989,1058,1439,1535,0,46
696,0,29,#Wednesday,6889,7571,1392,1843,1123,1601,1563,0,48
697,1,29,#Wednesday,6737,7575,1395,1815,980,1791,1541,0,53
698,2,29,#Wednesday,6583,7508,1394,1855,878,1808,1518,0,53
699,3,29,#Wednesday,6592,7532,1395,1945,834,1803,1501,0,53
700,4,29,#Wednesday,6704,7474,1399,1894,905,1713,1511,0,52
701,5,29,#Wednesday,6786,7413,1399,1529,1020,1818,1591,0,55
702,6,29,#Wednesday,7308,7438,1392,1287,953,1856,1894,0,55
703,7,29,#Wednesday,8207,8026,1396,1319,1421,1889,1942,0,57
704,8,29,#Wednesday,8790,8098,1395,1221,1751,1731,1930,11,57
705,9,29,#Wednesday,8847,8250,1394,1158,1792,1894,1903,49,58
706,10,29,#Wednesday,8792,8097,1307,988,1857,1895,1896,97,55
707,11,29,#Wednesday,8675,8168,1375,892,1914,1880,1874,174,57
708,12,29,#Wednesday,8577,7998,1377,903,1710,1876,1873,201,56
709,13,29,#Wednesday,8489,7960,1382,883,1647,1881,1912,197,57
710,14,29,#Wednesday,8319,7784,1387,860,1522,1876,1918,163,57
711,15,29,#Wednesday,8196,7815,1392,826,1639,1876,1922,103,57
712,16,29,#Wednesday,8251,7896,1394,880,1723,1882,1934,26,55
713,17,29,#Wednesday,8674,8185,1397,916,1999,1893,1925,0,55
714,18,29,#Wednesday,8909,8063,1396,1102,1805,1869,1836,0,53
715,19,29,#Wednesday,8841,8098,1395,994,1955,1850,1848,0,56
716,20,29,#Wednesday,8623,8089,1396,798,1972,1911,1957,0,54
717,21,29,#Wednesday,8140,7632,1392,609,1724,1916,1936,0,55
718,22,29,#Wednesday,7626,7528,1395,532,1676,1921,1949,0,54
719,23,29,#Wednesday,7139,7129,1394,448,1349,1929,1952,0,55
720,0,30,#Thursday,6824,7120,1395,429,1399,1914,1924,0,57
721,1,30,#Thursday,6657,6866,1397,586,1145,1844,1836,0,57
722,2,30,#Thursday,6548,6824,1397,727,1009,1822,1812,0,56
723,3,30,#Thursday,6498,6785,1395,647,1029,1826,1835,0,52
724,4,30,#Thursday,6508,6863,1398,598,1156,1828,1831,0,52
725,5,30,#Thursday,6848,6930,1397,711,1152,1811,1804,0,54
726,6,30,#Thursday,7412,7081,1395,932,1075,1820,1805,0,54
727,7,30,#Thursday,8309,7664,1397,1088,1489,1823,1809,0,57
728,8,30,#Thursday,8731,7768,1397,1085,1860,1650,1711,7,56
729,9,30,#Thursday,8987,7939,1375,1084,1922,1813,1642,43,58
730,10,30,#Thursday,9045,8070,1370,828,2072,1823,1834,84,58
731,11,30,#Thursday,8978,7959,1352,697,2006,1817,1880,145,59
732,12,30,#Thursday,8870,7900,1350,666,1945,1819,1903,158,57
733,13,30,#Thursday,8780,7724,1381,444,1919,1816,1942,164,58
734,14,30,#Thursday,8600,7584,1326,228,1978,1811,2040,142,56
735,15,30,#Thursday,8466,7486,1333,134,1982,1815,2079,82,59
736,16,30,#Thursday,8495,7353,1309,128,1912,1813,2105,26,59
737,17,30,#Thursday,8770,7430,1353,120,2143,1832,1927,0,54
738,18,30,#Thursday,9044,7465,1379,122,2156,1922,1830,0,57
739,19,30,#Thursday,8884,7326,1386,103,2024,1924,1831,0,57
740,20,30,#Thursday,8628,7273,1388,84,1985,1934,1825,0,58
741,21,30,#Thursday,8297,7060,1389,52,1810,1927,1824,0,58
742,22,30,#Thursday,7676,6868,1394,77,1602,1928,1808,0,58
743,23,30,#Thursday,7236,6582,1392,146,1304,1862,1819,0,58
744,0,31,#Friday,6861,6534,1394,204,1185,1855,1840,0,56
745,1,31,#Friday,6714,6536,1398,219,1319,1848,1697,0,56
746,2,31,#Friday,6536,6428,1400,275,1223,1846,1629,0,56
747,3,31,#Friday,6539,6506,1399,373,1206,1843,1630,0,56
748,4,31,#Friday,6555,6463,1402,625,1024,1766,1589,0,55
749,5,31,#Friday,6835,6560,1403,821,1131,1553,1595,0,56
750,6,31,#Friday,7275,6667,1397,838,1278,1485,1611,0,56
751,7,31,#Friday,7990,7238,1399,886,1556,1737,1601,0,59
752,8,31,#Friday,8633,7765,1398,849,1916,1834,1672,37,58
753,9,31,#Friday,8880,8150,1355,1127,2014,1724,1688,182,59
754,10,31,#Friday,8786,8176,1372,1099,2046,1665,1622,311,59
755,11,31,#Friday,8617,8098,1380,931,2000,1666,1630,429,59
756,12,31,#Friday,8549,7998,1363,883,1886,1674,1634,497,59
757,13,31,#Friday,8362,7802,1337,711,1817,1723,1639,514,59
758,14,31,#Friday,8209,7584,1308,395,1919,1786,1690,424,59
759,15,31,#Friday,8114,7444,1355,291,1838,1847,1732,308,59
760,16,31,#Friday,8191,7288,1376,247,1886,1873,1730,115,59
761,17,31,#Friday,8659,7372,1383,249,2007,1932,1737,5,59
762,18,31,#Friday,8908,7559,1384,221,2155,2008,1732,0,59
763,19,31,#Friday,8834,7498,1379,160,2214,1921,1766,0,58
764,20,31,#Friday,8718,7518,1381,188,2213,1913,1764,0,58
765,21,31,#Friday,8278,7175,1382,155,1897,1951,1731,0,58
766,22,31,#Friday,7644,6926,1381,115,1718,1945,1710,0,58
767,23,31,#Friday,7034,6550,1385,152,1337,1917,1701,0,58
768,0,32,#Saturday,6710,6611,1388,194,1286,1926,1759,0,57
769,1,32,#Saturday,6527,6817,1392,364,1463,1924,1618,0,56
770,2,32,#Saturday,6374,6828,1392,545,1371,1918,1545,0,57
771,3,32,#Saturday,6275,6846,1390,618,1410,1917,1453,0,57
772,4,32,#Saturday,6326,6943,1392,722,1349,1915,1509,0,56
773,5,32,#Saturday,6472,7079,1394,929,1271,1902,1528,0,56
774,6,32,#Saturday,6608,7139,1393,1017,1317,1912,1446,0,56
775,7,32,#Saturday,6938,7333,1390,1301,1317,1837,1429,0,57
776,8,32,#Saturday,7317,7350,1393,1444,1363,1636,1403,51,59
777,9,32,#Saturday,7530,7322,1392,1362,1452,1510,1397,151,57
778,10,32,#Saturday,7523,7253,1395,1090,1527,1503,1419,263,55
779,11,32,#Saturday,7414,7141,1393,999,1480,1499,1377,335,55
780,12,32,#Saturday,7338,7152,1395,966,1502,1503,1362,369,54
781,13,32,#Saturday,7199,6992,1391,845,1481,1494,1381,345,55
782,14,32,#Saturday,6997,6874,1395,610,1628,1481,1413,291,55
783,15,32,#Saturday,7043,6783,1393,493,1707,1489,1479,167,54
784,16,32,#Saturday,7217,6790,1394,610,1572,1669,1443,47,52
785,17,32,#Saturday,7640,6863,1398,773,1631,1557,1450,0,54
786,18,32,#Saturday,8022,7080,1395,792,1697,1717,1426,0,53
787,19,32,#Saturday,8001,7183,1396,851,1710,1735,1435,0,56
788,20,32,#Saturday,7821,7251,1396,806,1739,1792,1461,0,55
789,21,32,#Saturday,7460,7241,1394,683,1655,1889,1566,0,53
790,22,32,#Saturday,6962,7164,1397,753,1579,1845,1535,0,54
791,23,32,#Saturday,6609,7223,1395,868,1594,1857,1457,0,53
792,0,33,#Sunday,6319,7161,1395,834,1436,1911,1531,0,52
793,1,33,#Sunday,6123,6855,1393,612,1610,1574,1614,0,52
794,2,33,#Sunday,5964,6724,1397,446,1681,1521,1627,0,52
795,3,33,#Sunday,5918,6647,1393,397,1677,1519,1612,0,48
796,4,33,#Sunday,5991,6702,1394,402,1741,1516,1607,0,42
797,5,33,#Sunday,6008,6727,1396,395,1750,1521,1616,0,48
798,6,33,#Sunday,6151,6719,1393,459,1701,1548,1564,0,53
799,7,33,#Sunday,6327,6251,1395,426,1712,1136,1534,0,48
800,8,33,#Sunday,6570,6342,1394,334,1838,1141,1573,21,38
801,9,33,#Sunday,6763,6388,1395,311,1843,1135,1570,95,37
802,10,33,#Sunday,6824,6430,1394,300,1756,1132,1586,217,43
803,11,33,#Sunday,6797,6470,1399,316,1708,1131,1571,301,42
804,12,33,#Sunday,6717,6381,1396,306,1697,1051,1569,318,43
805,13,33,#Sunday,6695,6371,1397,208,1777,1032,1613,292,51
806,14,33,#Sunday,6573,6321,1393,208,1796,1113,1588,167,53
807,15,33,#Sunday,6565,6478,1395,287,1796,1267,1588,92,52
808,16,33,#Sunday,6782,6559,1394,385,1853,1212,1626,34,53
809,17,33,#Sunday,7101,6840,1394,514,1844,1416,1616,0,56
810,18,33,#Sunday,7578,7135,1396,557,2028,1499,1601,0,54
811,19,33,#Sunday,7618,7256,1395,552,2144,1497,1612,0,55
812,20,33,#Sunday,7427,7261,1397,518,2169,1500,1621,0,55
813,21,33,#Sunday,7128,7268,1390,504,2203,1502,1614,0,54
814,22,33,#Sunday,6735,7193,1395,489,2161,1502,1593,0,52
815,23,33,#Sunday,6330,7161,1392,468,2152,1508,1590,0,50
816,0,34,#Monday,5996,6778,1394,450,1847,1468,1568,0,51
817,1,34,#Monday,5834,6530,1394,411,1668,1490,1514,0,52
818,2,34,#Monday,5813,6508,1396,385,1671,1491,1513,0,53
819,3,34,#Monday,5809,6417,1395,241,1676,1507,1544,0,53
820,4,34,#Monday,5880,6407,1395,235,1663,1518,1542,0,53
821,5,34,#Monday,6172,6435,1399,138,1748,1537,1560,0,52
822,6,34,#Monday,6824,6607,1396,107,1817,1572,1662,0,52
823,7,34,#Monday,7624,6827,1392,75,2026,1617,1659,0,56
824,8,34,#Monday,8280,7357,1395,51,2240,1912,1667,33,57
825,9,34,#Monday,8591,7342,1375,37,2135,1907,1617,216,54
826,10,34,#Monday,8498,7214,1375,12,1941,1855,1608,364,57
827,11,34,#Monday,8401,7171,1341,7,1894,1815,1630,427,56
828,12,34,#Monday,8268,7114,1339,0,1874,1814,1562,468,56
829,13,34,#Monday,8148,6918,1349,4,1790,1795,1439,484,55
830,14,34,#Monday,7939,6752,1349,2,1742,1794,1400,408,55
831,15,34,#Monday,7827,6692,1359,41,1779,1794,1406,257,55
832,16,34,#Monday,7888,6785,1338,76,1977,1798,1427,112,56
833,17,34,#Monday,8221,6974,1356,191,2046,1817,1500,6,56
834,18,34,#Monday,8708,7280,1387,356,2020,1826,1635,0,56
835,19,34,#Monday,8563,7318,1387,617,1846,1848,1567,0,55
836,20,34,#Monday,8395,7423,1383,822,1879,1750,1535,0,53
837,21,34,#Monday,8024,7441,1381,1054,1981,1528,1442,0,55
838,22,34,#Monday,7333,7274,1382,1299,1652,1474,1410,0,56
839,23,34,#Monday,6835,7004,1385,1474,1260,1474,1360,0,51
840,0,35,#Tuesday,6583,7141,1384,1527,1292,1496,1393,0,49
841,1,35,#Tuesday,6353,7161,1394,1724,1132,1469,1392,0,49
842,2,35,#Tuesday,6308,7087,1396,1867,1009,1471,1293,0,50
843,3,35,#Tuesday,6206,7033,1394,1941,925,1461,1265,0,48
844,4,35,#Tuesday,6340,7098,1396,1736,1140,1479,1298,0,49
845,5,35,#Tuesday,6470,7195,1393,1574,1391,1480,1308,0,49
846,6,35,#Tuesday,6940,7179,1393,1444,1501,1435,1354,0,52
847,7,35,#Tuesday,7803,7920,1395,1395,1879,1758,1439,0,53
848,8,35,#Tuesday,8442,7951,1372,1526,2052,1499,1430,16,52
849,9,35,#Tuesday,8619,8002,1303,1517,2172,1471,1431,55,53
850,10,35,#Tuesday,8668,8000,1338,1368,2197,1512,1436,92,55
851,11,35,#Tuesday,8602,7942,1312,949,2234,1724,1531,135,54
852,12,35,#Tuesday,8560,7842,1355,770,2091,1770,1656,147,51
853,13,35,#Tuesday,8542,7790,1354,738,2059,1773,1649,161,53
854,14,35,#Tuesday,8385,7723,1354,679,2053,1773,1670,139,53
855,15,35,#Tuesday,8231,7684,1346,688,2061,1774,1664,97,54
856,16,35,#Tuesday,8213,7656,1352,645,2099,1782,1683,39,55
857,17,35,#Tuesday,8550,7756,1386,717,2126,1792,1679,0,55
858,18,35,#Tuesday,8737,7824,1383,841,2082,1805,1659,0,54
859,19,35,#Tuesday,8743,7854,1382,854,2065,1837,1662,0,53
860,20,35,#Tuesday,8469,7765,1384,817,2001,1856,1653,0,53
861,21,35,#Tuesday,8071,7627,1382,787,2000,1811,1592,0,54
862,22,35,#Tuesday,7425,7432,1389,650,1954,1860,1525,0,53
863,23,35,#Tuesday,7015,7098,1393,497,1734,1869,1552,0,52
864,0,36,#Wednesday,6747,6998,1393,263,1801,1881,1607,0,52
865,1,36,#Wednesday,6538,6969,1394,405,1674,1871,1574,0,52
866,2,36,#Wednesday,6409,6972,1396,881,1618,1667,1357,0,52
867,3,36,#Wednesday,6342,6966,1396,892,1612,1692,1322,0,51
868,4,36,#Wednesday,6412,7037,1395,814,1538,1869,1371,0,50
869,5,36,#Wednesday,6634,7191,1395,825,1557,1864,1496,0,51
870,6,36,#Wednesday,7188,7583,1398,880,1873,1875,1510,0,46
871,7,36,#Wednesday,7895,8082,1394,909,2326,1880,1527,0,46
872,8,36,#Wednesday,8484,8238,1390,985,2485,1759,1563,9,45
873,9,36,#Wednesday,8672,8469,1383,1179,2425,1852,1530,52,47
874,10,36,#Wednesday,8777,8641,1354,1756,2247,1681,1447,108,45
875,11,36,#Wednesday,8798,8791,1362,2483,1944,1460,1319,176,46
876,12,36,#Wednesday,8695,8757,1350,2123,2134,1559,1354,191,46
877,13,36,#Wednesday,8615,8866,1366,1963,2275,1659,1375,181,46
878,14,36,#Wednesday,8573,8985,1348,2005,2343,1667,1408,167,45
879,15,36,#Wednesday,8454,8910,1385,2040,2147,1825,1355,111,44
880,16,36,#Wednesday,8553,9056,1384,2474,2146,1615,1348,44,45
881,17,36,#Wednesday,8667,8921,1383,2559,2098,1509,1323,3,45
882,18,36,#Wednesday,8933,8943,1381,2253,2345,1571,1346,0,45
883,19,36,#Wednesday,8923,9088,1382,2120,2382,1787,1370,0,46
884,20,36,#Wednesday,8672,9091,1382,2187,2261,1844,1372,0,46
885,21,36,#Wednesday,8221,8969,1378,2371,2104,1707,1364,0,45
886,22,36,#Wednesday,7656,8625,1381,2498,1785,1539,1378,0,45
887,23,36,#Wednesday,7264,8138,1381,2583,1243,1541,1347,0,43
888,0,37,#Thursday,6867,7929,1388,2581,1031,1548,1338,0,43
889,1,37,#Thursday,6732,7961,1390,2432,1644,1135,1316,0,43
890,2,37,#Thursday,6621,7736,1388,2104,1777,1079,1344,0,43
891,3,37,#Thursday,6470,7683,1387,1631,1974,1106,1544,0,42
892,4,37,#Thursday,6584,7850,1392,1682,1956,1149,1629,0,42
893,5,37,#Thursday,6859,7898,1392,1781,1961,1235,1487,0,42
894,6,37,#Thursday,7295,7994,1393,1730,2204,1313,1310,0,42
895,7,37,#Thursday,7967,8275,1392,1454,2619,1386,1379,0,44
896,8,37,#Thursday,8559,8915,1378,1192,2831,1855,1582,30,45
897,9,37,#Thursday,8806,9077,1328,1228,2728,1977,1652,117,45
898,10,37,#Thursday,8853,9044,1335,1548,2575,1821,1540,180,44
899,11,37,#Thursday,8799,8980,1346,1652,2541,1728,1440,226,45
900,12,37,#Thursday,8607,8828,1342,1523,2538,1680,1460,239,45
901,13,37,#Thursday,8673,8758,1354,942,2734,1858,1611,207,51
902,14,37,#Thursday,8397,8432,1290,592,2702,1942,1688,162,55
903,15,37,#Thursday,8351,8237,1326,495,2598,1973,1676,112,54
904,16,37,#Thursday,8311,8105,1343,567,2504,1934,1650,51,54
905,17,37,#Thursday,8601,8110,1354,542,2752,1803,1594,9,55
906,18,37,#Thursday,8908,8185,1371,465,2916,1878,1498,1,55
907,19,37,#Thursday,8865,8097,1370,450,2789,1948,1486,0,55
908,20,37,#Thursday,8629,8092,1379,406,2817,1937,1497,0,55
909,21,37,#Thursday,8172,7806,1381,372,2613,1926,1459,0,54
910,22,37,#Thursday,7566,7511,1385,365,2447,1829,1429,0,56
911,23,37,#Thursday,7249,7478,1384,370,2386,1799,1485,0,54
912,0,38,#Friday,6873,7355,1386,376,2184,1916,1439,0,53
913,1,38,#Friday,6673,7095,1385,363,2213,1595,1485,0,53
914,2,38,#Friday,6599,7141,1387,358,2246,1518,1579,0,53
915,3,38,#Friday,6556,6989,1388,292,2109,1515,1631,0,54
916,4,38,#Friday,6626,6929,1390,271,2089,1513,1611,0,54
917,5,38,#Friday,6900,7150,1392,272,2234,1534,1664,0,53
918,6,38,#Friday,7404,7260,1390,255,2303,1535,1723,0,54
919,7,38,#Friday,8090,7654,1390,218,2603,1582,1801,1,57
920,8,38,#Friday,8600,8040,1369,223,2803,1763,1778,45,59
921,9,38,#Friday,8882,8285,1350,223,2779,1911,1831,130,58
922,10,38,#Friday,8811,8316,1371,205,2738,1909,1829,206,57
923,11,38,#Friday,8719,8379,1347,202,2799,1888,1838,246,59
924,12,38,#Friday,8648,8279,1346,167,2723,1900,1855,233,55
925,13,38,#Friday,8665,8322,1367,166,2764,1890,1847,230,57
926,14,38,#Friday,8531,8348,1372,138,2850,1892,1855,184,56
927,15,38,#Friday,8446,8177,1384,182,2707,1887,1830,131,56
928,16,38,#Friday,8527,8049,1383,176,2641,1895,1829,67,56
929,17,38,#Friday,8609,7921,1382,170,2575,1904,1829,3,57
930,18,38,#Friday,9092,8155,1379,112,2846,1918,1844,0,57
931,19,38,#Friday,8918,8114,1380,81,2825,1935,1834,0,57
932,20,38,#Friday,8694,7983,1380,30,2739,1933,1848,0,57
933,21,38,#Friday,8277,7894,1380,34,2674,1918,1832,0,56
934,22,38,#Friday,7657,7761,1381,36,2521,1932,1837,0,55
935,23,38,#Friday,7201,7482,1380,45,2233,1929,1839,0,55
936,0,39,#Saturday,6867,7347,1384,57,2238,1920,1691,0,56
937,1,39,#Saturday,6657,6527,1381,55,1845,1494,1696,0,55
938,2,39,#Saturday,6584,6535,1388,43,1837,1518,1692,0,56
939,3,39,#Saturday,6467,6472,1383,33,1798,1513,1690,0,54
940,4,39,#Saturday,6511,6430,1387,41,1747,1512,1688,0,54
941,5,39,#Saturday,6552,6417,1389,19,1747,1518,1687,0,56
942,6,39,#Saturday,6783,6342,1386,25,1729,1511,1636,0,57
943,7,39,#Saturday,7096,6842,1386,34,2163,1546,1655,0,57
944,8,39,#Saturday,7591,7248,1385,19,2326,1703,1712,44,58
945,9,39,#Saturday,8011,7729,1386,8,2411,1898,1797,174,57
946,10,39,#Saturday,7946,7999,1387,-6,2460,1893,1873,319,55
947,11,39,#Saturday,8039,8114,1388,-19,2528,1894,1865,400,55
948,12,39,#Saturday,7898,8062,1388,-22,2440,1908,1875,417,55
949,13,39,#Saturday,7770,8067,1387,-16,2453,1913,1871,403,55
950,14,39,#Saturday,7498,7795,1388,-6,2237,1903,1827,390,56
951,15,39,#Saturday,7359,7515,1384,-8,2179,1877,1701,323,58
952,16,39,#Saturday,7518,7400,1387,-4,2255,1880,1683,141,57
953,17,39,#Saturday,7908,7532,1390,40,2356,1890,1785,13,57
954,18,39,#Saturday,8435,7724,1388,157,2434,1896,1790,0,57
955,19,39,#Saturday,8380,7764,1391,339,2356,1918,1704,0,55
956,20,39,#Saturday,8315,7875,1387,436,2552,1823,1618,0,58
957,21,39,#Saturday,7784,7530,1387,476,2261,1807,1539,0,59
958,22,39,#Saturday,7239,7458,1386,480,2186,1806,1542,0,59
959,23,39,#Saturday,6891,7362,1387,451,2100,1807,1560,0,57
960,0,40,#Sunday,6558,6915,1389,401,1832,1666,1572,0,54
961,1,40,#Sunday,6377,6314,1388,331,1672,1375,1493,0,53
962,2,40,#Sunday,6103,6179,1392,286,1620,1326,1498,0,56
963,3,40,#Sunday,6174,6179,1391,125,1680,1339,1590,0,54
964,4,40,#Sunday,6206,6184,1391,105,1655,1337,1642,0,54
965,5,40,#Sunday,6286,6182,1395,125,1620,1324,1664,0,55
966,6,40,#Sunday,6378,6111,1391,102,1614,1320,1627,0,55
967,7,40,#Sunday,6561,6050,1391,38,1600,1321,1637,4,57
968,8,40,#Sunday,6802,6395,1391,30,1665,1488,1647,115,58
969,9,40,#Sunday,7028,6474,1392,26,1639,1455,1592,309,58
970,10,40,#Sunday,6896,6581,1392,12,1813,1339,1460,507,57
971,11,40,#Sunday,6820,6670,1390,51,1804,1278,1461,627,57
972,12,40,#Sunday,6744,6671,1395,66,1766,1271,1460,656,57
973,13,40,#Sunday,6760,6674,1391,19,1821,1268,1478,641,54
974,14,40,#Sunday,6508,6440,1390,18,1693,1265,1460,556,55
975,15,40,#Sunday,6599,6327,1390,5,1772,1268,1483,350,56
976,16,40,#Sunday,6704,6240,1390,42,1818,1334,1493,106,55
977,17,40,#Sunday,7193,6600,1391,132,2074,1441,1499,6,56
978,18,40,#Sunday,7783,6945,1391,252,2172,1478,1595,0,56
979,19,40,#Sunday,7842,7246,1393,357,2225,1497,1717,0,56
980,20,40,#Sunday,7718,7441,1393,588,2104,1538,1759,0,57
981,21,40,#Sunday,7505,7445,1394,895,1915,1447,1736,0,57
982,22,40,#Sunday,7000,7468,1392,1136,1788,1497,1596,0,58
983,23,40,#Sunday,6627,7520,1392,1278,1699,1493,1597,0,60
984,0,41,#Monday,6282,7392,1390,1480,1454,1422,1587,0,59
985,1,41,#Monday,6096,7060,1391,1711,1169,1302,1430,0,58
986,2,41,#Monday,6036,7004,1392,1563,1237,1322,1431,0,58
987,3,41,#Monday,6041,6778,1394,1449,1095,1332,1449,0,58
988,4,41,#Monday,5997,6744,1392,1488,914,1307,1586,0,57
989,5,41,#Monday,6366,7055,1392,1529,1143,1311,1623,0,58
990,6,41,#Monday,7195,7289,1393,1540,1345,1337,1611,0,62
991,7,41,#Monday,7976,8046,1393,1629,1921,1414,1628,0,60
992,8,41,#Monday,8471,8108,1390,1512,2078,1513,1497,58,57
993,9,41,#Monday,8660,8093,1357,1125,2121,1556,1629,243,59
994,10,41,#Monday,8625,8268,1339,740,2104,1877,1752,391,63
995,11,41,#Monday,8532,8219,1350,606,2093,1895,1777,434,64
996,12,41,#Monday,8403,8000,1361,556,1944,1894,1744,436,62
997,13,41,#Monday,8393,8008,1357,649,1938,1876,1760,362,63
998,14,41,#Monday,8308,7876,1377,700,1894,1855,1721,262,64
999,15,41,#Monday,8151,7710,1322,622,2010,1829,1718,141,65
1000,16,41,#Monday,8194,7783,1350,672,2038,1846,1754,57,65
1001,17,41,#Monday,8394,7806,1312,803,1992,1865,1757,9,67
1002,18,41,#Monday,8773,8198,1338,881,2225,1909,1779,0,66
1003,19,41,#Monday,8785,8466,1377,961,2353,1923,1786,0,65
1004,20,41,#Monday,8566,8418,1383,1016,2242,1927,1785,0,65
1005,21,41,#Monday,8228,8275,1386,1011,2181,1877,1757,0,63
1006,22,41,#Monday,7608,8016,1384,909,2071,1873,1714,0,63
1007,23,41,#Monday,7112,7849,1389,910,1788,1917,1782,0,62
1008,0,42,#Tuesday,6676,7656,1386,826,1869,1868,1645,0,62
1009,1,42,#Tuesday,6602,7232,1390,673,1564,1852,1689,0,63
1010,2,42,#Tuesday,6470,7141,1388,502,1710,1863,1613,0,64
1011,3,42,#Tuesday,6482,6997,1391,409,1670,1858,1605,0,62
1012,4,42,#Tuesday,6472,6930,1391,439,1586,1853,1598,0,60
1013,5,42,#Tuesday,6821,7237,1392,511,1649,1857,1768,0,61
1014,6,42,#Tuesday,7333,7365,1393,623,1668,1891,1728,0,62
1015,7,42,#Tuesday,8124,8025,1391,1078,1842,1908,1738,0,67
1016,8,42,#Tuesday,8638,8244,1392,1047,2105,1855,1776,6,63
1017,9,42,#Tuesday,8970,8185,1351,1066,2128,1696,1837,41,64
1018,10,42,#Tuesday,8907,8361,1368,1239,1964,1836,1840,49,63
1019,11,42,#Tuesday,8905,8512,1369,1070,2196,1869,1871,71,63
1020,12,42,#Tuesday,8796,8586,1319,1014,2319,1897,1886,84,63
1021,13,42,#Tuesday,8896,8694,1344,1339,2085,1867,1892,103,62
1022,14,42,#Tuesday,8646,8695,1367,1172,2209,1868,1902,112,64
1023,15,42,#Tuesday,8603,8676,1369,1467,1978,1854,1861,81,64
1024,16,42,#Tuesday,8523,8658,1382,1658,1983,1838,1692,42,62
1025,17,42,#Tuesday,8736,8576,1387,1668,1847,1841,1762,8,61
1026,18,42,#Tuesday,9006,8466,1388,1729,1950,1715,1621,0,63
1027,19,42,#Tuesday,8948,8417,1385,1851,2013,1510,1596,0,61
1028,20,42,#Tuesday,8801,8396,1385,1979,1873,1509,1586,0,63
1029,21,42,#Tuesday,8343,8199,1388,2097,1648,1509,1490,0,65
1030,22,42,#Tuesday,7651,8159,1391,1796,1825,1509,1573,0,66
1031,23,42,#Tuesday,7243,7912,1395,1784,1533,1521,1613,0,66
1032,0,43,#Wednesday,6963,7766,1395,1942,1262,1540,1560,0,65
1033,1,43,#Wednesday,6654,7393,1393,1955,1106,1366,1510,0,62
1034,2,43,#Wednesday,6671,7414,1395,2061,1120,1265,1509,0,63
1035,3,43,#Wednesday,6632,7415,1394,2123,1065,1263,1504,0,64
1036,4,43,#Wednesday,6697,7422,1394,2063,1126,1270,1507,0,63
1037,5,43,#Wednesday,6781,7366,1399,2030,1102,1262,1511,0,61
1038,6,43,#Wednesday,7508,7690,1394,1861,1444,1334,1593,0,63
1039,7,43,#Wednesday,8323,8177,1396,1750,1969,1353,1644,0,64
1040,8,43,#Wednesday,8696,8361,1393,1565,1936,1510,1833,59,64
1041,9,43,#Wednesday,8806,8649,1391,1588,1960,1647,1837,158,66
1042,10,43,#Wednesday,8714,8861,1392,1566,1899,1847,1820,270,66
1043,11,43,#Wednesday,8528,8850,1393,1607,1817,1787,1779,399,64
1044,12,43,#Wednesday,8383,8768,1391,1608,1943,1611,1643,508,63
1045,13,43,#Wednesday,8267,8559,1392,1394,1788,1744,1618,561,62
1046,14,43,#Wednesday,8159,8297,1395,1197,1781,1746,1622,492,63
1047,15,43,#Wednesday,8043,8087,1394,968,1833,1794,1631,401,65
1048,16,43,#Wednesday,8124,7824,1389,843,2000,1702,1648,176,64
1049,17,43,#Wednesday,8349,7587,1390,525,2077,1813,1689,27,66
1050,18,43,#Wednesday,8837,7766,1391,368,2234,1876,1830,0,65
1051,19,43,#Wednesday,9001,7764,1392,256,2287,1910,1850,0,67
1052,20,43,#Wednesday,8781,7678,1391,134,2265,1916,1907,0,66
1053,21,43,#Wednesday,8413,7453,1386,129,2079,1903,1890,0,66
1054,22,43,#Wednesday,7735,7383,1388,257,1918,1898,1858,0,64
1055,23,43,#Wednesday,7323,7175,1392,458,1589,1883,1789,0,64
1056,0,44,#Thursday,6856,6992,1388,455,1626,1818,1643,0,61
1057,1,44,#Thursday,6695,6741,1386,545,1320,1818,1608,0,63
1058,2,44,#Thursday,6693,6858,1389,620,1237,1909,1638,0,65
1059,3,44,#Thursday,6593,6876,1393,640,1201,1909,1669,0,65
1060,4,44,#Thursday,6657,6946,1389,630,1263,1914,1689,0,60
1061,5,44,#Thursday,6859,7045,1391,571,1355,1921,1744,0,62
1062,6,44,#Thursday,7635,7358,1395,508,1540,1907,1945,0,62
1063,7,44,#Thursday,8327,7838,1389,483,2007,1919,1978,1,60
1064,8,44,#Thursday,8697,7868,1391,507,1954,1899,1998,55,62
1065,9,44,#Thursday,8897,8040,1379,574,2034,1864,1962,163,62
1066,10,44,#Thursday,8806,8051,1381,721,1973,1746,1909,256,63
1067,11,44,#Thursday,8649,8104,1366,764,1893,1846,1837,334,63
1068,12,44,#Thursday,8501,8268,1364,811,1922,1848,1877,381,63
1069,13,44,#Thursday,8657,8502,1380,959,1990,1854,1907,347,63
1070,14,44,#Thursday,8532,8506,1358,858,2012,1867,2073,273,64
1071,15,44,#Thursday,8374,8316,1372,897,1774,1896,2148,164,64
1072,16,44,#Thursday,8323,8376,1371,1054,1817,1864,2126,78,65
1073,17,44,#Thursday,8526,8293,1380,1192,1744,1849,2041,17,68
1074,18,44,#Thursday,8983,8516,1377,1240,1952,1858,2023,0,64
1075,19,44,#Thursday,9083,8746,1380,1236,2072,1886,2106,0,65
1076,20,44,#Thursday,8717,8529,1379,1402,1836,1861,1985,0,65
1077,21,44,#Thursday,8381,8489,1372,1464,1784,1865,1939,0,65
1078,22,44,#Thursday,7877,8229,1376,1502,1865,1605,1816,0,65
1079,23,44,#Thursday,7240,7895,1376,1490,1468,1720,1774,0,66
1080,0,45,#Friday,6960,7738,1375,1380,1321,1818,1777,0,66
1081,1,45,#Friday,6713,7491,1375,1280,1322,1697,1748,0,68
1082,2,45,#Friday,6732,7527,1376,1349,1311,1698,1727,0,65
1083,3,45,#Friday,6601,7462,1380,1330,1273,1688,1724,0,65
1084,4,45,#Friday,6742,7648,1379,1165,1390,1869,1781,0,64
1085,5,45,#Friday,6917,7576,1375,1175,1345,1847,1768,0,65
1086,6,45,#Friday,7493,8042,1377,1066,1620,1880,2032,0,66
1087,7,45,#Friday,8137,8532,1378,1090,1957,1872,2170,0,66
1088,8,45,#Friday,8697,8849,1377,1220,2073,1901,2174,35,67
1089,9,45,#Friday,8905,8727,1375,1330,1969,1709,2140,135,67
1090,10,45,#Friday,8867,9102,1378,1519,1846,1876,2206,207,69
1091,11,45,#Friday,8876,9232,1368,1714,1856,1856,2069,300,68
1092,12,45,#Friday,8581,9090,1339,1726,1681,1858,2100,317,68
1093,13,45,#Friday,8614,8974,1355,1535,1815,1853,2005,340,69
1094,14,45,#Friday,8324,8836,1378,1531,1704,1854,1981,317,69
1095,15,45,#Friday,8248,8554,1378,1257,1769,1854,1996,229,68
1096,16,45,#Friday,8221,8371,1377,1190,1734,1868,2000,134,67
1097,17,45,#Friday,8338,8242,1379,1053,1707,1877,2130,29,67
1098,18,45,#Friday,8853,8299,1377,1028,1812,1875,2138,0,68
1099,19,45,#Friday,8856,8320,1375,1201,1878,1908,1890,0,66
1100,20,45,#Friday,8564,8031,1378,1150,1754,1895,1788,0,65
1101,21,45,#Friday,8251,8037,1377,938,1922,1900,1833,0,66
1102,22,45,#Friday,7735,7757,1377,676,1888,1906,1844,0,67
1103,23,45,#Friday,7238,7500,1377,550,1648,1907,1950,0,67
1104,0,46,#Saturday,6870,7177,1379,386,1448,1904,1994,0,66
1105,1,46,#Saturday,6679,7122,1381,389,1618,1724,1943,0,66
1106,2,46,#Saturday,6614,6960,1383,486,1495,1685,1844,0,68
1107,3,46,#Saturday,6504,6838,1382,550,1405,1628,1806,0,67
1108,4,46,#Saturday,6470,6788,1382,502,1405,1619,1815,0,64
1109,5,46,#Saturday,6551,6774,1387,758,1242,1582,1739,0,65
1110,6,46,#Saturday,6807,6823,1387,895,1366,1541,1569,0,66
1111,7,46,#Saturday,7134,7079,1384,782,1591,1630,1622,5,64
1112,8,46,#Saturday,7605,7304,1385,663,1744,1605,1700,141,65
1113,9,46,#Saturday,7862,7728,1384,639,1812,1516,1961,349,65
1114,10,46,#Saturday,7904,7918,1385,665,1759,1502,2004,536,64
1115,11,46,#Saturday,7761,7833,1385,504,1746,1543,1938,651,64
1116,12,46,#Saturday,7644,7686,1384,352,1631,1736,1847,670,64
1117,13,46,#Saturday,7508,7586,1388,388,1513,1762,1796,674,63
1118,14,46,#Saturday,7275,7176,1382,409,1493,1590,1635,602,64
1119,15,46,#Saturday,7188,6932,1385,458,1491,1510,1560,462,64
1120,16,46,#Saturday,7247,6970,1383,389,1667,1489,1728,249,63
1121,17,46,#Saturday,7520,7067,1385,336,1759,1479,2005,37,65
1122,18,46,#Saturday,8207,7459,1384,265,2003,1715,2027,0,64
1123,19,46,#Saturday,8425,7756,1384,201,2186,1890,2031,0,63
1124,20,46,#Saturday,8171,7642,1389,194,2093,1881,2020,0,64
1125,21,46,#Saturday,7846,7447,1388,193,1935,1837,2029,0,65
1126,22,46,#Saturday,7350,7348,1387,203,1834,1832,2026,0,66
1127,23,46,#Saturday,6802,7153,1385,250,1626,1838,1988,0,66
1128,0,47,#Sunday,6464,6948,1384,346,1538,1765,1850,0,64
1129,1,47,#Sunday,6294,6551,1383,420,1461,1387,1836,0,64
1130,2,47,#Sunday,6163,6495,1382,436,1464,1273,1875,0,64
1131,3,47,#Sunday,6174,6281,1382,444,1447,1263,1682,0,63
1132,4,47,#Sunday,6106,6182,1383,365,1470,1263,1639,0,62
1133,5,47,#Sunday,6266,6263,1386,405,1496,1265,1648,0,63
1134,6,47,#Sunday,6342,6478,1384,433,1549,1248,1799,0,63
1135,7,47,#Sunday,6474,6356,1384,422,1614,1241,1631,2,62
1136,8,47,#Sunday,6737,6584,1383,500,1561,1240,1664,171,62
1137,9,47,#Sunday,6787,6814,1386,518,1448,1219,1743,437,60
1138,10,47,#Sunday,6762,6856,1381,440,1541,1220,1603,612,58
1139,11,47,#Sunday,6608,6851,1384,378,1513,1219,1571,725,60
1140,12,47,#Sunday,6602,6940,1383,373,1545,1217,1589,771,60
1141,13,47,#Sunday,6501,6609,1383,492,1154,1210,1554,753,62
1142,14,47,#Sunday,6371,6359,1385,678,843,1199,1530,662,61
1143,15,47,#Sunday,6301,6172,1387,696,775,1208,1537,507,61
1144,16,47,#Sunday,6490,6152,1384,668,949,1205,1591,294,60
1145,17,47,#Sunday,6836,6546,1390,925,1319,1217,1584,49,61
1146,18,47,#Sunday,7586,7393,1386,1248,1813,1219,1663,0,63
1147,19,47,#Sunday,7798,7845,1388,1607,1757,1233,1795,0,62
1148,20,47,#Sunday,7728,7931,1389,1826,1737,1239,1676,0,63
1149,21,47,#Sunday,7426,7692,1390,1873,1514,1247,1601,0,65
1150,22,47,#Sunday,6905,7504,1387,1682,1481,1249,1640,0,63
1151,23,47,#Sunday,6537,7264,1387,1476,1428,1248,1662,0,62
1152,0,48,#Monday,6219,7005,1387,1329,1385,1240,1600,0,62
1153,1,48,#Monday,6178,6839,1390,1138,1362,1242,1644,0,62
1154,2,48,#Monday,6012,6684,1386,799,1396,1385,1654,0,63
1155,3,48,#Monday,5915,6510,1385,557,1358,1482,1668,0,61
1156,4,48,#Monday,6084,6473,1386,572,1319,1481,1655,0,60
1157,5,48,#Monday,6361,6418,1385,678,1181,1484,1627,0,62
1158,6,48,#Monday,6982,6655,1386,688,1300,1459,1759,0,61
1159,7,48,#Monday,7931,7483,1387,572,1917,1490,2034,18,63
1160,8,48,#Monday,8533,7718,1386,540,1921,1498,2096,212,64
1161,9,48,#Monday,8633,7671,1366,520,1844,1481,1966,428,65
1162,10,48,#Monday,8413,7758,1356,485,1833,1604,1813,600,65
1163,11,48,#Monday,8168,7738,1332,507,1741,1604,1759,729,65
1164,12,48,#Monday,8044,7653,1336,432,1665,1606,1769,775,65
1165,13,48,#Monday,8013,7561,1360,340,1711,1516,1813,753,66
1166,14,48,#Monday,7745,7193,1328,228,1597,1510,1782,682,63
1167,15,48,#Monday,7657,7047,1332,134,1670,1517,1788,537,66
1168,16,48,#Monday,7703,7006,1317,54,1847,1621,1817,285,62
1169,17,48,#Monday,8003,6934,1355,12,1858,1779,1835,27,65
1170,18,48,#Monday,8705,7449,1372,-1,2153,1843,2016,0,65
1171,19,48,#Monday,8704,7599,1369,7,2170,1865,2122,0,65
1172,20,48,#Monday,8573,7560,1373,15,2119,1868,2118,0,66
1173,21,48,#Monday,7953,7176,1368,27,1811,1870,2034,0,66
1174,22,48,#Monday,7446,7200,1375,55,1771,1880,2055,0,63
1175,23,48,#Monday,6780,6886,1380,151,1405,1868,2016,0,67
1176,0,49,#Tuesday,6692,6820,1380,223,1416,1865,1871,0,65
1177,1,49,#Tuesday,6577,7016,1386,283,1533,1886,1863,0,64
1178,2,49,#Tuesday,6341,6850,1389,296,1381,1874,1844,0,65
1179,3,49,#Tuesday,6376,6880,1392,299,1386,1906,1833,0,64
1180,4,49,#Tuesday,6465,6896,1389,338,1392,1878,1834,0,64
1181,5,49,#Tuesday,6631,6988,1390,395,1424,1875,1840,0,63
1182,6,49,#Tuesday,7094,7121,1389,477,1487,1876,1829,0,62
1183,7,49,#Tuesday,7954,7881,1385,595,1808,1892,2121,14,63
1184,8,49,#Tuesday,8371,7993,1388,706,1783,1863,1993,194,64
1185,9,49,#Tuesday,8455,7985,1386,595,1883,1809,1836,411,65
1186,10,49,#Tuesday,8351,8026,1385,464,1841,1809,1890,572,64
1187,11,49,#Tuesday,8138,8055,1377,562,1687,1781,1871,704,65
1188,12,49,#Tuesday,7999,8045,1371,653,1652,1777,1767,759,64
1189,13,49,#Tuesday,7979,8043,1387,755,1627,1715,1755,738,65
1190,14,49,#Tuesday,7734,7917,1385,872,1629,1542,1741,682,65
1191,15,49,#Tuesday,7633,7854,1385,1141,1603,1450,1717,492,64
1192,16,49,#Tuesday,7663,7884,1387,1417,1650,1450,1686,230,62
1193,17,49,#Tuesday,8013,8028,1391,1691,1641,1452,1754,33,65
1194,18,49,#Tuesday,8574,8362,1388,1992,1666,1463,1786,0,66
1195,19,49,#Tuesday,8720,8695,1390,2079,1830,1495,1835,0,66
1196,20,49,#Tuesday,8612,8810,1386,2098,1916,1509,1835,0,65
1197,21,49,#Tuesday,8146,8720,1386,2001,1918,1512,1836,0,67
1198,22,49,#Tuesday,7400,8288,1389,1968,1674,1478,1712,0,65
1199,23,49,#Tuesday,7089,7865,1387,1926,1275,1505,1707,0,65
1200,0,50,#Wednesday,6728,7611,1387,1836,1162,1487,1673,0,65
1201,1,50,#Wednesday,6497,7282,1394,1700,945,1516,1662,0,66
1202,2,50,#Wednesday,6398,7100,1388,1459,938,1562,1690,0,63
1203,3,50,#Wednesday,6511,7048,1388,1037,1238,1603,1717,0,63
1204,4,50,#Wednesday,6441,6857,1389,711,1343,1634,1716,0,64
1205,5,50,#Wednesday,6716,7103,1389,391,1415,1716,2132,0,61
1206,6,50,#Wednesday,7428,7342,1387,283,1676,1711,2221,0,63
1207,7,50,#Wednesday,8163,7710,1388,334,1911,1760,2234,21,62
1208,8,50,#Wednesday,8368,7677,1386,479,1830,1663,2080,174,62
1209,9,50,#Wednesday,8405,7914,1374,621,1737,1824,1936,356,64
1210,10,50,#Wednesday,8225,7860,1376,582,1654,1788,1848,545,63
1211,11,50,#Wednesday,8144,8058,1368,780,1588,1751,1832,672,66
1212,12,50,#Wednesday,7945,7938,1338,905,1619,1422,1861,726,65
1213,13,50,#Wednesday,7954,7981,1355,769,1652,1580,1885,674,65
1214,14,50,#Wednesday,7811,7646,1339,440,1602,1704,1874,621,66
1215,15,50,#Wednesday,7719,7309,1354,281,1571,1737,1868,432,65
1216,16,50,#Wednesday,7822,7228,1382,244,1662,1812,1886,176,64
1217,17,50,#Wednesday,8011,7126,1377,237,1680,1818,1918,29,66
1218,18,50,#Wednesday,8659,7589,1378,365,1933,1832,2012,0,68
1219,19,50,#Wednesday,8624,7533,1376,602,1840,1743,1906,0,66
1220,20,50,#Wednesday,8584,7739,1375,1017,1864,1573,1843,0,65
1221,21,50,#Wednesday,8111,7599,1379,1142,1693,1492,1828,0,63
1222,22,50,#Wednesday,7337,7319,1383,1281,1374,1476,1741,0,63
1223,23,50,#Wednesday,6927,7256,1380,1208,1383,1498,1722,0,65
1224,0,51,#Thursday,6607,7202,1380,925,1362,1683,1790,0,62
1225,1,51,#Thursday,6484,7213,1391,658,1423,1866,1814,0,61
1226,2,51,#Thursday,6414,7235,1390,495,1550,1890,1851,0,60
1227,3,51,#Thursday,6384,7111,1393,655,1444,1788,1772,0,58
1228,4,51,#Thursday,6500,7146,1392,655,1371,1866,1798,0,59
1229,5,51,#Thursday,6742,7281,1391,660,1387,1884,1900,0,60
1230,6,51,#Thursday,7259,7193,1390,584,1419,1831,1906,0,61
1231,7,51,#Thursday,8095,7757,1390,312,1938,1905,2137,14,61
1232,8,51,#Thursday,8409,7760,1395,189,1862,1888,2222,142,60
1233,9,51,#Thursday,8310,7606,1319,203,1687,1830,2200,302,63
1234,10,51,#Thursday,8327,7713,1349,306,1618,1811,2119,445,64
1235,11,51,#Thursday,8157,7825,1353,504,1597,1819,1937,550,63
1236,12,51,#Thursday,8021,7887,1355,540,1703,1824,1829,571,63
1237,13,51,#Thursday,8009,8050,1303,743,1708,1824,1863,544,64
1238,14,51,#Thursday,7941,7795,1367,1070,1468,1582,1768,483,55
1239,15,51,#Thursday,7798,7586,1339,1314,1301,1459,1756,352,61
1240,16,51,#Thursday,7868,7651,1377,1081,1629,1477,1856,168,62
1241,17,51,#Thursday,8093,7416,1377,889,1733,1477,1839,39,61
1242,18,51,#Thursday,8500,7560,1384,800,1782,1726,1804,0,64
1243,19,51,#Thursday,8672,7804,1384,737,1831,1847,1942,0,62
1244,20,51,#Thursday,8485,7680,1383,646,1838,1853,1897,0,61
1245,21,51,#Thursday,7984,7395,1383,434,1818,1865,1832,0,62
1246,22,51,#Thursday,7401,7346,1385,234,1886,1883,1894,0,63
1247,23,51,#Thursday,6967,7049,1380,118,1607,1875,2007,0,60
1248,0,52,#Friday,6678,6809,1385,63,1424,1864,2014,0,59
1249,1,52,#Friday,6423,6472,1392,53,1032,1858,2078,0,60
1250,2,52,#Friday,6418,6386,1392,73,1064,1896,1906,0,55
1251,3,52,#Friday,6467,6518,1393,113,1153,1880,1924,0,55
1252,4,52,#Friday,6580,6656,1391,182,1215,1879,1934,0,55
1253,5,52,#Friday,6750,6769,1396,339,1175,1871,1931,0,55
1254,6,52,#Friday,7376,7178,1396,433,1284,1880,2131,0,55
1255,7,52,#Friday,8108,7545,1392,481,1623,1873,2110,6,58
1256,8,52,#Friday,8533,7555,1389,409,1756,1860,2041,42,58
1257,9,52,#Friday,8681,7611,1352,325,1864,1854,2061,97,56
1258,10,52,#Friday,8692,7493,1360,236,1784,1843,2068,144,56
1259,11,52,#Friday,8598,7337,1344,226,1671,1843,2057,138,56
1260,12,52,#Friday,8544,7314,1364,321,1566,1824,2044,137,56
1261,13,52,#Friday,8566,7346,1343,371,1545,1824,2074,131,56
1262,14,52,#Friday,8373,7413,1350,605,1444,1800,2018,140,54
1263,15,52,#Friday,8278,7788,1379,949,1406,1805,2072,120,56
1264,16,52,#Friday,8281,7970,1383,1789,1162,1647,1862,70,56
1265,17,52,#Friday,8411,8418,1382,2680,1180,1484,1616,16,58
1266,18,52,#Friday,8859,9093,1382,2811,1440,1728,1673,0,58
1267,19,52,#Friday,8999,9068,1383,2806,1536,1442,1842,0,59
1268,20,52,#Friday,8742,9096,1385,2798,1439,1470,1946,0,57
1269,21,52,#Friday,8334,8864,1380,2756,1376,1464,1832,0,56
1270,22,52,#Friday,7830,8903,1381,2747,1403,1465,1851,0,55
1271,23,52,#Friday,7318,8207,1383,2758,945,1410,1654,0,55
1272,0,53,#Saturday,6954,8177,1380,2724,1069,1332,1617,0,54
1273,1,53,#Saturday,6780,8072,1387,2755,1049,1255,1574,0,52
1274,2,53,#Saturday,6671,7966,1385,2735,976,1250,1568,0,52
1275,3,53,#Saturday,6659,7907,1387,2724,1033,1261,1449,0,53
1276,4,53,#Saturday,6642,8006,1389,2721,1053,1263,1528,0,52
1277,5,53,#Saturday,6674,7952,1386,2692,1005,1259,1559,0,52
1278,6,53,#Saturday,6932,8021,1385,2647,1102,1288,1547,0,51
1279,7,53,#Saturday,7223,8133,1384,2573,1281,1337,1503,2,51
1280,8,53,#Saturday,7724,8582,1384,2546,1351,1507,1586,156,51
1281,9,53,#Saturday,7962,8760,1390,2653,1223,1489,1565,386,53
1282,10,53,#Saturday,8017,9149,1388,2685,1235,1693,1564,528,53
1283,11,53,#Saturday,8020,9165,1384,2626,1327,1603,1588,583,54
1284,12,53,#Saturday,8004,9196,1384,2564,1292,1749,1582,572,53
1285,13,53,#Saturday,7832,9005,1386,2454,1240,1742,1602,526,53
1286,14,53,#Saturday,7644,8806,1390,2347,1219,1766,1576,451,56
1287,15,53,#Saturday,7636,8608,1392,2110,1274,1824,1595,359,54
1288,16,53,#Saturday,7697,8431,1391,2059,1234,1869,1586,236,54
1289,17,53,#Saturday,7989,8271,1390,1622,1465,1892,1781,64,53
1290,18,53,#Saturday,8544,8473,1389,1359,1897,1916,1858,0,54
1291,19,53,#Saturday,8509,8347,1389,1297,1872,1933,1803,0,53
1292,20,53,#Saturday,8360,8252,1389,1288,1816,1922,1781,0,55
1293,21,53,#Saturday,7970,8043,1391,1324,1580,1911,1783,0,55
1294,22,53,#Saturday,7368,7641,1393,1158,1430,1905,1700,0,56
1295,23,53,#Saturday,6980,7697,1392,1071,1490,1908,1781,0,55
1296,0,54,#Sunday,6678,7524,1391,1033,1519,1923,1603,0,55
1297,1,54,#Sunday,6486,7120,1392,1020,1356,1696,1601,0,55
1298,2,54,#Sunday,6336,7079,1391,887,1434,1718,1595,0,54
1299,3,54,#Sunday,6331,7029,1392,807,1441,1732,1603,0,54
1300,4,54,#Sunday,6314,7013,1392,734,1473,1756,1604,0,54
1301,5,54,#Sunday,6399,7014,1391,712,1456,1723,1678,0,54
1302,6,54,#Sunday,6516,6934,1393,645,1386,1679,1775,0,55
1303,7,54,#Sunday,6697,6923,1393,564,1430,1679,1784,18,55
1304,8,54,#Sunday,7007,7074,1389,471,1528,1693,1790,147,55
1305,9,54,#Sunday,7090,7294,1392,394,1522,1857,1777,295,54
1306,10,54,#Sunday,7147,7457,1391,541,1458,1843,1774,393,55
1307,11,54,#Sunday,7114,7495,1391,598,1319,1861,1781,488,54
1308,12,54,#Sunday,7108,7510,1391,471,1399,1859,1829,506,54
1309,13,54,#Sunday,7032,7348,1390,446,1334,1860,1807,454,55
1310,14,54,#Sunday,6885,7133,1392,378,1261,1837,1765,445,53
1311,15,54,#Sunday,6815,6872,1391,260,1227,1852,1772,314,54
1312,16,54,#Sunday,6942,6702,1390,235,1245,1858,1769,153,52
1313,17,54,#Sunday,7277,6534,1393,128,1312,1861,1757,27,54
1314,18,54,#Sunday,7798,6738,1392,72,1582,1868,1769,0,55
1315,19,54,#Sunday,7998,7086,1392,66,1912,1886,1776,0,53
1316,20,54,#Sunday,7910,7079,1391,39,1893,1907,1794,0,54
1317,21,54,#Sunday,7560,6841,1389,10,1684,1911,1792,0,54
1318,22,54,#Sunday,7067,6694,1390,6,1600,1900,1744,0,54
1319,23,54,#Sunday,6707,6634,1388,27,1529,1893,1743,0,54
1320,0,55,#Monday,6440,6536,1389,126,1381,1872,1710,0,57
1321,1,55,#Monday,6276,6370,1392,248,1177,1894,1601,0,58
1322,2,55,#Monday,6206,6296,1395,234,1139,1881,1589,0,58
1323,3,55,#Monday,6180,6277,1395,197,1151,1884,1591,0,58
1324,4,55,#Monday,6282,6271,1390,173,1173,1883,1594,0,58
1325,5,55,#Monday,6524,6302,1395,196,1159,1878,1615,0,58
1326,6,55,#Monday,7494,6800,1393,273,1374,1917,1784,0,58
1327,7,55,#Monday,8178,7270,1391,384,1640,1926,1837,32,60
1328,8,55,#Monday,8643,7534,1393,454,1711,1901,1816,199,60
1329,9,55,#Monday,8849,7716,1361,538,1625,1848,1822,462,59
1330,10,55,#Monday,8761,7795,1339,913,1332,1765,1703,681,61
1331,11,55,#Monday,8519,7977,1357,1260,1306,1640,1599,753,61
1332,12,55,#Monday,8438,8120,1337,1497,1286,1476,1673,789,60
1333,13,55,#Monday,8485,8373,1335,1687,1291,1490,1730,780,58
1334,14,55,#Monday,8247,8230,1335,1961,1088,1474,1589,724,58
1335,15,55,#Monday,8202,8107,1364,2160,890,1485,1597,553,57
1336,16,55,#Monday,8168,8106,1354,2266,1027,1495,1638,268,57
1337,17,55,#Monday,8331,8362,1370,2420,1309,1498,1651,55,57
1338,18,55,#Monday,8824,8699,1374,2482,1474,1639,1670,0,59
1339,19,55,#Monday,9155,9136,1381,2495,1539,1885,1775,0,60
1340,20,55,#Monday,8968,9079,1384,2430,1476,1880,1848,0,61
1341,21,55,#Monday,8445,8887,1386,2396,1411,1880,1753,0,60
1342,22,55,#Monday,7905,8632,1386,2307,1454,1782,1646,0,57
1343,23,55,#Monday,7415,8136,1385,2210,1265,1536,1685,0,55
1344,0,56,#Tuesday,6952,7768,1387,2084,1125,1525,1591,0,54
1345,1,56,#Tuesday,6680,7678,1388,2026,1095,1482,1631,0,54
1346,2,56,#Tuesday,6659,7704,1393,1981,1130,1492,1651,0,57
1347,3,56,#Tuesday,6749,7715,1396,1961,1157,1488,1655,0,56
1348,4,56,#Tuesday,6696,7608,1395,1933,1117,1485,1624,0,54
1349,5,56,#Tuesday,6946,7858,1395,1880,1160,1665,1702,0,56
1350,6,56,#Tuesday,7661,8044,1398,1953,1228,1740,1670,0,55
1351,7,56,#Tuesday,8318,8643,1393,1884,1356,1890,2032,30,58
1352,8,56,#Tuesday,8732,8635,1392,1636,1297,1875,2200,175,58
1353,9,56,#Tuesday,8835,8588,1363,1410,1378,1826,2216,336,57
1354,10,56,#Tuesday,8689,8432,1348,1396,1277,1808,2099,447,57
1355,11,56,#Tuesday,8632,8551,1373,1442,1392,1812,2015,459,56
1356,12,56,#Tuesday,8624,8606,1374,1719,1470,1583,2013,388,58
1357,13,56,#Tuesday,8663,8816,1384,1849,1558,1550,2058,357,57
1358,14,56,#Tuesday,8399,8497,1371,1595,1360,1776,2047,291,57
1359,15,56,#Tuesday,8295,8227,1374,1819,1312,1450,1984,230,57
1360,16,56,#Tuesday,8257,8307,1391,2057,1221,1454,1964,162,58
1361,17,56,#Tuesday,8261,8220,1389,1388,1551,1661,2117,57,56
1362,18,56,#Tuesday,8769,8405,1390,1262,1517,1831,2349,0,54
1363,19,56,#Tuesday,8877,8867,1390,1635,1589,1840,2354,0,59
1364,20,56,#Tuesday,8862,8715,1386,2133,1412,1713,2009,0,62
1365,21,56,#Tuesday,8379,8648,1387,2063,1590,1508,2038,0,62
1366,22,56,#Tuesday,7726,8382,1390,1806,1559,1517,2050,0,60
1367,23,56,#Tuesday,7204,8059,1392,2065,1108,1491,1942,0,61
1368,0,57,#Wednesday,6810,7850,1394,2056,967,1484,1886,0,62
1369,1,57,#Wednesday,6724,7609,1394,1881,1096,1258,1916,0,62
1370,2,57,#Wednesday,6638,7651,1396,1783,1104,1359,1946,0,62
1371,3,57,#Wednesday,6510,7546,1398,1764,985,1442,1894,0,62
1372,4,57,#Wednesday,6621,7525,1398,1713,1012,1443,1895,0,63
1373,5,57,#Wednesday,6861,7957,1395,2061,939,1406,2092,0,64
1374,6,57,#Wednesday,7402,8128,1396,2202,1228,1265,1974,0,63
1375,7,57,#Wednesday,8076,8550,1396,2177,1618,1276,2017,5,62
1376,8,57,#Wednesday,8605,8938,1395,2175,1501,1319,2381,103,61
1377,9,57,#Wednesday,8691,9430,1371,2410,1338,1600,2381,268,60
1378,10,57,#Wednesday,8570,9295,1387,2513,1459,1469,2005,398,62
1379,11,57,#Wednesday,8481,9303,1385,2488,1501,1477,1957,433,61
1380,12,57,#Wednesday,8443,9302,1346,2272,1520,1512,2135,453,61
1381,13,57,#Wednesday,8433,9302,1361,2322,1404,1609,2155,386,62
1382,14,57,#Wednesday,8260,9110,1375,2297,1391,1467,2140,373,66
1383,15,57,#Wednesday,8170,8935,1377,2227,1370,1460,2133,301,66
1384,16,57,#Wednesday,8134,8802,1388,2193,1412,1467,2063,213,65
1385,17,57,#Wednesday,8193,8689,1387,1941,1630,1486,2098,81,65
1386,18,57,#Wednesday,8627,8638,1386,1837,1625,1521,2201,1,65
1387,19,57,#Wednesday,8885,8681,1385,1754,1875,1535,2066,0,65
1388,20,57,#Wednesday,8683,8471,1384,1592,1840,1536,2055,0,64
1389,21,57,#Wednesday,8176,8215,1383,1375,1770,1535,2087,0,64
1390,22,57,#Wednesday,7627,7891,1395,932,1705,1525,2268,0,65
1391,23,57,#Wednesday,7107,7404,1395,669,1365,1515,2397,0,62
1392,0,58,#Thursday,6818,7328,1395,511,1311,1615,2431,0,63
1393,1,58,#Thursday,6608,7094,1395,400,1334,1714,2188,0,63
1394,2,58,#Thursday,6527,6897,1393,341,1132,1848,2117,0,65
1395,3,58,#Thursday,6521,6712,1398,634,1023,1729,1865,0,64
1396,4,58,#Thursday,6495,6711,1396,711,1112,1504,1927,0,60
1397,5,58,#Thursday,6882,7281,1398,744,1349,1512,2216,0,62
1398,6,58,#Thursday,7352,7759,1394,1105,1336,1505,2357,0,63
1399,7,58,#Thursday,8076,8479,1395,1403,1772,1498,2318,30,60
1400,8,58,#Thursday,8449,8627,1392,1512,1825,1507,2125,204,61
1401,9,58,#Thursday,8431,8831,1357,1703,1704,1473,2066,466,59
1402,10,58,#Thursday,8350,8862,1344,1890,1504,1461,1886,717,60
1403,11,58,#Thursday,8144,8660,1352,1898,1213,1451,1869,815,61
1404,12,58,#Thursday,8019,8746,1357,2153,1066,1441,1867,800,60
1405,13,58,#Thursday,8049,8795,1354,2312,993,1441,1860,775,59
1406,14,58,#Thursday,7884,8733,1343,2445,901,1435,1858,687,62
1407,15,58,#Thursday,7759,8610,1374,2637,681,1439,1869,544,64
1408,16,58,#Thursday,7770,8574,1350,2698,764,1449,1914,336,63
1409,17,58,#Thursday,7897,8528,1367,2691,971,1410,1904,120,64
1410,18,58,#Thursday,8446,9190,1386,2695,1587,1440,2010,3,65
1411,19,58,#Thursday,8788,9562,1389,2606,1736,1453,2313,0,66
1412,20,58,#Thursday,8641,9480,1385,2573,1665,1453,2336,0,66
1413,21,58,#Thursday,8339,9077,1388,2451,1617,1267,2291,0,64
1414,22,58,#Thursday,7566,8423,1396,2088,1527,1213,2133,0,65
1415,23,58,#Thursday,6988,7817,1393,1740,1292,1226,2102,0,64
1416,0,59,#Friday,6684,7791,1395,1754,1265,1221,2097,0,60
1417,1,59,#Friday,6510,7430,1399,1671,1161,1203,1935,0,59
1418,2,59,#Friday,6428,7177,1398,1364,1222,1196,1938,0,58
1419,3,59,#Friday,6433,7187,1402,1254,1179,1346,1948,0,58
1420,4,59,#Friday,6397,7126,1402,1149,1168,1409,1940,0,58
1421,5,59,#Friday,6720,7312,1400,1108,1103,1403,2237,0,59
1422,6,59,#Friday,7107,7214,1401,950,1129,1452,2224,0,59
1423,7,59,#Friday,7750,7997,1397,867,1789,1459,2404,16,63
1424,8,59,#Friday,8233,8043,1397,609,1863,1525,2408,176,63
1425,9,59,#Friday,8211,8094,1358,550,1681,1764,2311,366,63
1426,10,59,#Friday,8216,8161,1363,410,1723,1763,2319,519,63
1427,11,59,#Friday,7998,8150,1374,347,1581,1751,2383,655,58
1428,12,59,#Friday,7811,8118,1365,437,1477,1729,2368,682,59
1429,13,59,#Friday,7862,8091,1364,495,1459,1739,2371,598,62
1430,14,59,#Friday,7691,7880,1365,523,1534,1742,2166,485,62
1431,15,59,#Friday,7711,7880,1373,366,1649,1740,2294,392,67
1432,16,59,#Friday,7764,7950,1388,238,1868,1744,2428,216,66
1433,17,59,#Friday,7874,7724,1394,382,1733,1743,2367,37,65
1434,18,59,#Friday,8258,7585,1385,444,1608,1766,2318,0,64
1435,19,59,#Friday,8535,7891,1383,550,1769,1789,2336,0,63
1436,20,59,#Friday,8374,7946,1388,527,1774,1825,2366,0,66
1437,21,59,#Friday,8009,7818,1380,411,1735,1829,2399,0,63
1438,22,59,#Friday,7403,7416,1384,288,1668,1821,2191,0,64
1439,23,59,#Friday,6923,7247,1387,101,1446,1822,2427,0,63
